file,average_tempo,average_bpm,note_count,tick_count,note_density,tempo_deviation,unique_note_count,total_duration,overlapping_notes,chord_density,duration_per_note,tempo_complexity,notes_per_second,hand_independence,odd_time_signature_count,consecutive_note_std,pitch_range,average_polyphony,tempo_change_count,max_polyphony,note_to_note_transition,note_to_chord_transition,chord_to_note_transition,chord_to_chord_transition
Chopin - Etude Op 25 No.1.csv,413197.9215475551,145.2088620757851,3656,155036,0.0235816197528316,97297.98526559019,65,155036,283,0.0774070021881838,0.0004192574627828375,0.23547549537804763,23.5816197528316,0.0,1,43.313047206340116,67.0,1.0845446455057846,20,4,41703.0,2585.333333333333,2913.8333333333335,405.3333333333333
Chopin - Etude Op.10 No.11.csv,600000.0,100.0,3926,28352,0.13847347629796838,0.0,57,28352,227,0.05781966377992868,0.0020104401805869075,0.0,138.4734762979684,0.0,0,7.385266670006874,65.0,1.061367937280346,1,3,32831.0,660.5,700.0,19.5
Chopin - Etude op10 n01.csv,350818.28081961704,171.02871566390996,2674,151680,0.0176292194092827,11112.029407455788,73,452520,1347,0.5037397157816006,0.00016131883673649783,0.031674601966279366,5.909131088128702,0.08922829581993569,0,70.80610358240502,77.0,2.14951768488746,134,6,5601.0,1266.666666666667,1291.6666666666667,0.0
Chopin - Etude No.7 in C Major Opus.10 No.7.csv,441740.06484375,135.82648434033914,3570,22816,0.15646914446002805,7352.818211203474,63,43392,1541,0.4316526610644258,0.0014518805309734514,0.01664512412702315,82.27323008849557,0.0,0,15.330321149176319,71.0,1.7673267326732673,71,4,253.0,3325.166666666666,3297.8333333333335,3688.833333333333
Chopin - Etude op10 n02.csv,410981.24202516826,145.99206451452991,2916,24952,0.11686437960884899,21411.56094464654,60,48828,511,0.1752400548696845,0.001228803145736053,0.05209863311312711,59.719832882772174,0.0,0,16.34639720964936,68.0,1.214493960849646,345,6,2985.0,3097.3166666666666,2607.4000000000005,690.5833333333334
Chopin - Etude op10 n03.csv,400000.0,150.0,3768,245760,0.01533203125,0.0,65,245760,239,0.06342887473460722,0.0002644856770833333,0.0,15.33203125,0.0,0,141.6683876215184,67.0,1.0683300255174368,1,4,17341.0,1535.8333333333335,1685.6666666666667,247.83333333333331
Chopin - Etude op10 n04 Drchew.csv,479324.22962962964,125.17622997352244,4408,38879,0.11337740168214203,6904.817785322133,67,76321,1021,0.23162431941923775,0.0008778710970768202,0.014405317650345854,57.756056655442144,0.0,0,11.404695857037721,75.0,1.301446708001181,8,6,9502.0,3495.416666666667,3546.633333333333,517.5500000000001
Chopin - Etude op10 n05 Black Key.csv,538210.6628257887,111.48051152494754,3262,81600,0.039975490196078434,66148.96700221895,53,244800,2048,0.627835683629675,0.0002165032679738562,0.12290534463757076,13.32516339869281,0.27197802197802196,0,42.80139726218347,74.0,2.9871794871794872,200,12,3314.0,4197.228571428572,4285.466666666666,213.29523809523812
Chopin - Etude op10 n06.csv,574673.030683403,104.40719643420157,1896,40102,0.04727943743454192,22517.37943662654,47,70332,280,0.14767932489451477,0.0006682591139168515,0.039182940967055296,26.957857020986182,0.0,0,29.214757559723427,48.0,1.175449473031618,20,5,1775.0,794.5,801.4333333333332,176.5
Chopin - Etude op10 n08.csv,342729.1878641752,175.06533474405518,4606,47410,0.09715249947268509,10667.813117508096,71,93546,776,0.16847590099869736,0.0007589848844418789,0.031126071240059627,49.237808137173154,0.0,0,10.862991173732079,76.0,1.203239289446186,49,3,16915.0,480.5,444.5,479.0
Chopin - Etude op10 n09.csv,675581.9109809663,88.81232464154954,2468,24799,0.09952014194120731,95859.71090737006,64,48199,205,0.08306320907617504,0.00132782837818212,0.1418920627525073,51.204381833648,0.0,0,10.067000417518361,70.0,1.0930026572187777,666,3,15251.0,1186.8333333333333,1127.0,166.16666666666669
Chopin - Etude op10 n10.csv,533652.1411018629,112.43279166108934,4462,29255,0.15252093659203556,108307.50028923656,63,57857,1826,0.40923352756611386,0.001088891577510068,0.20295524358921846,77.1211780769829,0.0,0,11.897152246546579,69.0,1.7168141592920354,282,5,3048.0,1268.8333333333333,2594.666666666667,4992.0000000000055
Chopin - Etude op10 n11.csv,849777.6448368351,70.60670560652433,3968,20987,0.18906942392909898,71457.36716556863,57,41630,396,0.09979838709677419,0.0013692049003122748,0.08408948811461037,95.3158779726159,0.0,1,9.503110130920174,65.0,1.1117960212944802,182,3,31482.0,956.5,1435.5,104.0
Chopin - Etude op10 n12 Revolutionary.csv,424243.6695099819,141.42815629824804,4176,160320,0.026047904191616768,63823.407621003134,64,480674,860,0.20593869731800765,0.00013314637363368937,0.15044044780850044,8.687800879598232,0.020038167938931296,0,51.425144681192776,68.0,1.3282442748091603,982,10,7025.0,4954.183333333333,4841.816666666666,79.43333333333334
Chopin - Fantasie Impromptu op66.csv,460743.8541214131,130.22420041698282,6092,268187,0.02271549329385839,156115.5476552938,60,797147,3068,0.5036112934996717,7.52684260243092e-05,0.3388337061011669,7.642254189001526,0.1842818428184282,0,80.08904603942942,69.0,2.3584978706929927,2142,7,25422.0,4404.4,4848.066666666667,96.33333333333334
Chopin - Impromptu n3 op51.csv,586641.4593854579,102.27712180938182,4868,66423,0.07328786715444952,3714.2852153114136,59,83992,387,0.0794987674609696,0.0007024478521763977,0.006331440023353191,57.95790075245261,0.0,0,17.21439790027399,74.0,1.087335269153451,6,4,20653.0,1533.0000000000002,1646.3333333333333,167.0
Chopin - Mazurka op30 n2 Drchew.csv,338737.36573311366,177.12837752677436,1574,23249,0.06770183663813498,9451.31598611868,44,46289,294,0.18678526048284624,0.000950549806649528,0.027901604435234453,34.003758992417204,0.0,1,21.284453402906628,55.0,1.2306489444878812,16,5,4210.0,824.5333333333333,893.15,151.78333333333327
Chopin - Mazurka op33 n2 Drchew.csv,323289.65721716516,185.5920802306888,3360,48976,0.06860503103560928,42606.56345374177,55,97576,559,0.1663690476190476,0.0005636631958678363,0.1317906790476796,34.43469705665328,0.0,1,21.217593732100376,66.0,1.2008577555396711,122,5,9969.0,2367.4166666666665,2235.3166666666666,450.4
Chopin - Mazurka op67 n3 Drchew.csv,384260.90095238097,156.14391121056426,1416,20879,0.06781934000670531,18367.167395450393,35,41399,283,0.1998587570621469,0.000845431049059156,0.047798689249746285,34.203724727650425,0.0,1,26.19637132891357,45.0,1.2497793468667255,25,7,3194.0,979.5,1015.55,226.38333333333333
Chopin - Mazurka op68 n2 Drchew.csv,389538.4172259508,154.0284535406867,1546,23401,0.0660655527541558,14060.007442256236,32,44279,231,0.14941785252263906,0.0007226902143228167,0.0360940200516879,34.91497097947108,0.0,1,21.61360357622669,48.0,1.1765601217656012,14,5,5491.0,870.3666666666664,818.3333333333333,68.06666666666666
Chopin - Mazurka op7 n1.csv,431313.72305802885,139.1098794042489,2458,151200,0.016256613756613757,29733.06958717202,33,450720,1379,0.5610252237591538,7.321618743343983e-05,0.068936062076494,5.453496627618033,0.3797780517879161,1,117.0939018566902,47.0,3.030826140567201,592,8,578.0,3065.816666666667,3279.5833333333353,223.83333333333348
Chopin - Mazurka op7 n2.csv,437703.1279382136,137.0792123022471,2414,174240,0.0138544536271809,28127.10630280901,39,521760,1563,0.6474730737365368,7.474701011959522e-05,0.06426069293884382,4.626648267402637,0.5730897009966778,1,149.10655550632768,57.0,4.009966777408638,391,9,525.0,1439.25,1239.5000000000007,583.7499999999999
Chopin - Nocturne No.1 Opus.62.csv,455295.1051340128,131.78265991315553,2048,297208,0.006890797017576916,30350.933979949383,66,515960,470,0.2294921875,0.00012791689278238624,0.06666211351210509,3.969299945732227,0.0,0,190.54964001348657,71.0,1.3044585987261146,10,5,9984.0,1597.2499999999998,1552.2666666666667,455.86666666666673
Chopin - Nocturne op09 n2.csv,1146708.7541316324,52.32366089804221,2596,10506,0.24709689701123166,536304.1288876588,59,41880,1346,0.5184899845916795,0.0014087870105062082,0.4676899229689631,61.98662846227316,0.3657314629258517,0,8.002516157255943,67.0,2.6012024048096194,536,8,413.0,1435.9000000000005,1415.3833333333341,1047.2
Chopin - Nocturne op09 n3.csv,782430.6422043378,76.6841132793091,4860,25408,0.19127833753148615,520716.3796221717,61,101632,2135,0.43930041152263377,0.0006002046599496222,0.6655112306889722,47.81958438287153,0.2599508599508599,2,7.994643101322119,64.0,2.388206388206388,1475,6,6573.0,4406.2,3598.733333333333,651.1666666666666
Chopin - Nocturne No.15 in F Minor Opus.55 -1.csv,703943.4484155349,85.23411949503968,2912,19680,0.14796747967479676,363802.54694731877,61,78528,1381,0.4742445054945055,0.0007767929910350448,0.5168064959851258,37.08231458842705,0.31004366812227074,0,11.852083639061684,67.0,2.543231441048035,793,12,1617.0,1985.499999999999,1656.8499999999992,602.6499999999999
Chopin - Nocturne op15 n2.csv,1066470.6656096857,56.260337892837285,2302,10008,0.2300159872102318,471248.47242339957,59,40032,975,0.42354474370112943,0.0014738209432454037,0.4418766381670645,57.50399680255796,0.22907083716651333,0,7.624594801895374,74.0,2.1177552897884087,709,6,2451.0,1998.8333333333337,1498.416666666667,320.5833333333333
Chopin - Nocturne op15 n3.csv,424772.94641407306,141.25193354830884,2188,22176,0.09866522366522366,197758.94517518734,54,66432,1129,0.5159963436928702,0.0008128612716763006,0.46556388970782026,32.9359344894027,0.4385245901639344,1,20.45305695693937,65.0,2.989071038251366,425,11,893.0,1530.4166666666665,1677.216666666667,307.93333333333334
Chopin - Nocturne op27 n1.csv,743516.8044288079,80.69757084521285,3266,178800,0.0182662192393736,421373.39361420873,58,531600,1772,0.5425597060624617,0.000109104589917231,0.5667301547245062,6.143717080511663,0.2445980985306828,2,97.16592200675849,63.0,2.8228176318063958,1322,11,4997.0,2670.683333333333,2689.4166666666647,239.46666666666667
Chopin - Nocturne op27 n2.csv,1277715.906611879,46.95879552685705,3662,113760,0.03219057665260197,222156.5904448116,65,339667,2077,0.5671764063353358,0.00019136389463798368,0.17387009842736054,10.78114741791225,0.3524264120922832,0,53.58302491559713,69.0,2.913285600636436,1419,8,3560.0,3481.916666666667,2831.5833333333344,1305.916666666667
Chopin - Nocturne op32 n1.csv,1057205.7187411399,56.75338199214867,2562,14264,0.1796130117779024,650156.4949583315,58,56864,1193,0.46565183450429354,0.0010199774901519414,0.6149763318841112,45.05486775464266,0.32653061224489793,0,10.26907516404067,66.0,2.489795918367347,658,9,1381.0,2324.416666666667,1781.166666666667,423.5833333333332
Schubert - Fantasie D760 2mov Wanderer.csv,921000.8731788079,65.1465180406526,7562,216000,0.03500925925925926,215640.1645836229,69,643200,4881,0.6454641629198624,0.00010727611940298508,0.23413676453893809,11.7568407960199,0.4221218961625282,0,75.97264688608735,71.0,3.413995485327314,1138,16,3716.0,3700.366666666666,3694.621428571428,3260.0797619047617
Schubert - Fantasie D760 1mov Wanderer.csv,458171.4006541292,130.955358440833,9330,362880,0.025710978835978837,81060.86851930944,68,1084800,6302,0.6754555198285102,6.268436578171091e-05,0.1769225848745234,8.600663716814159,0.47053726169844023,0,89.16190647958761,68.0,4.042461005199307,1239,16,1820.0,4331.374999999998,4583.1166666666695,4490.820238095232
Schubert - Fantasie D760 3mov Wanderer.csv,477970.7405681314,125.53069656247592,7360,253440,0.02904040404040404,59475.41139055759,73,759520,4800,0.6521739130434783,9.611333473772909e-05,0.12443316366994181,9.69033073520118,0.4576080853453116,1,75.56440040513199,73.0,4.132509825940483,1207,14,1559.0,3467.9190476190474,4022.6142857142845,2959.6380952380955
Schubert - Fantasie D760 4mov Wanderer.csv,416934.67999075784,143.90743413651754,7228,236160,0.030606368563685638,31585.673591118615,72,706747,4890,0.676535694521306,0.00010187521135569023,0.07575688736619073,10.227139273318459,0.4811320754716981,0,72.60742669387497,72.0,3.788259958071279,986,12,792.0,3783.216666666665,4213.966666666666,4323.752380952373
Schubert - Impromptus op90 D899 n1.csv,544499.2820001733,110.19298277050969,9946,98520,0.1009541209906618,55344.08528782945,61,418500,6477,0.6512165694751659,0.00014575866188769416,0.10164216394285683,23.765830346475507,0.3173913043478261,0,24.464630862792035,63.0,4.324347826086957,1189,12,2684.0,3918.404761904762,4369.054761904762,4570.816666666665
Schubert - Impromptus op90 D899 n2.csv,319051.3645340187,188.05749377574762,6286,408000,0.01540686274509804,26289.705583204875,70,1224000,3850,0.6124721603563474,5.718954248366013e-05,0.0823996024013298,5.13562091503268,0.2991533396048918,1,105.3551585887472,71.0,2.956726246472248,720,11,2599.0,4405.6833333333325,4950.73333333333,578.4833333333337
Schubert - Impromptus op90 D899 n3.csv,478523.1655125594,125.3857792563341,5224,83760,0.06236867239732569,41825.11828355488,49,330480,2810,0.5379019908116386,0.00014826918421689665,0.08740458414119794,15.807310578552407,0.15777042985356637,0,23.251878199780915,50.0,2.4676428908833254,1617,10,6531.0,1914.4166666666663,1645.9166666666665,196.66666666666666
Schubert - Impromptus op90 D899 n4.csv,434334.98771061987,138.1422213215197,11432,117480,0.09731018045624787,34775.59025726205,62,352440,7789,0.681333100069979,0.00017591646805129951,0.08006628809841965,32.43672681874929,0.44874631268436577,1,20.972978621278795,65.0,4.215339233038348,791,12,5368.0,2565.2000000000007,5172.333333333333,628.6999999999995
Schubert - Piano Sonata n04 D537 op164 1mov.csv,502721.286788089,119.35042652230413,12510,134640,0.0929144385026738,17977.794042224687,67,671040,8164,0.6525979216626698,9.984501669051025e-05,0.03576095644782757,18.642703862660944,0.5100525827404887,2,27.19016454920904,69.0,3.8694710794927314,41,14,981.0,4681.983333333333,5444.978571428567,4479.423809523804
Schubert - Piano Sonata n04 D537 op164 2mov.csv,851289.2078528682,70.4813351872893,6170,54240,0.11375368731563422,66904.3027711152,67,270000,3982,0.6453808752025932,0.00024814814814814816,0.07859174315138098,22.85185185185185,0.3157894736842105,0,17.408856284705603,66.0,3.5685367264314634,45,10,710.0,1713.3166666666666,1804.5166666666664,6583.466666666667
Schubert - Piano Sonata n04 D537 op164 3mov.csv,456142.001484781,131.53798554988336,5990,73620,0.08136375984786742,11817.594107643834,52,367320,3914,0.6534223706176961,0.00014156593705760644,0.025907708716094026,16.307306980289667,0.5189873417721519,16,33.89184845837235,60.0,3.6106088004822183,29,11,649.0,2747.7523809523805,2457.533333333332,1161.4976190476195
Schubert - Piano Sonata n09 D575 op147 1mov.csv,515369.7800416256,116.42126163306257,7894,99600,0.07925702811244979,39398.21605736589,64,496980,4000,0.5067139599695971,0.00012877781802084592,0.07644650032484201,15.883938991508712,0.329605467536502,6,28.448829269575256,63.0,2.4523143833488663,100,12,3574.0,6533.933333333336,5317.933333333329,1483.4999999999998
Schubert - Piano Sonata n09 D575 op147 2mov.csv,1057739.461207823,56.724743852788244,4210,30240,0.13921957671957672,123501.4969838973,61,150060,2412,0.5729216152019002,0.0004065040650406504,0.11675984636412458,28.055444488871117,0.3016905071521456,1,14.45900383307036,63.0,2.7373211963589075,43,12,922.0,1658.833333333333,1757.933333333333,1602.4833333333345
Schubert - Piano Sonata n09 D575 op147 3mov.csv,334547.08226068947,179.34695348275713,5680,107040,0.053064275037369206,7558.491663782421,49,523920,3418,0.6017605633802817,9.352572911894946e-05,0.02259320754706989,10.841349824400673,0.6099939061547837,10,42.60042630981522,53.0,3.461304082876295,37,12,698.0,2068.3500000000004,2081.8166666666666,1830.2333333333322
Schubert - Piano Sonata n09 D575 op147 4mov.csv,439552.4359139094,136.50248547764068,5546,79620,0.0696558653604622,20376.096440780915,54,396780,3352,0.6043995672556798,0.00013609556933313172,0.04635646347497838,13.977519028176824,0.5398773006134969,6,30.521243895589606,55.0,3.0931399888455102,45,12,338.0,1642.6999999999998,1656.7666666666669,2402.2333333333354
Schubert - Piano Sonata n14 D784 op143 1mov.csv,417733.8960369164,143.63210783042996,10322,190080,0.05430345117845118,9301.571744907795,64,948900,7468,0.7235031970548343,6.744651701970703e-05,0.022266739264284616,10.877858573084625,0.6599029554477283,0,54.02785120208126,65.0,4.553153947948831,17,16,812.0,1287.5250000000003,1264.3833333333337,7194.098809523816
Schubert - Piano Sonata n14 D784 op143 2mov.csv,563056.5313601127,106.56123614278074,2576,32760,0.07863247863247863,24269.289657383666,64,162300,1483,0.5756987577639752,0.00039433148490449784,0.04310275843663345,15.871842267406038,0.27291886195995785,1,32.91260965758996,69.0,2.714436248682824,35,13,1661.0,1331.1166666666668,1302.2333333333336,1201.2380952380954
Schubert - Piano Sonata n14 D784 op143 3mov.csv,325507.73902537255,184.3274147018764,6820,98040,0.06956344349245205,19473.458541885353,69,488760,3832,0.5618768328445748,0.0001411735821261969,0.05982487113883164,13.953678697111057,0.4904027098231088,5,28.975019639321665,75.0,2.566804666917576,46,16,2015.0,3009.9999999999995,2516.3166666666666,1448.0333333333338
Schubert - Piano Sonata n16 D845 op42 1mov.csv,317786.6029000699,188.8059454125805,10922,193080,0.056567226020302466,18763.828824446296,69,924120,7407,0.6781724958798755,7.46656278405402e-05,0.05904537401265687,11.818811409773623,0.5815199196518246,5,44.78180402235854,68.0,3.6565115500502174,43,16,2116.0,4825.683333333336,4726.9000000000015,3329.4690476190494
Schubert - Piano Sonata n16 D845 op42 2mov.csv,1269252.9895378647,47.271899687899115,13486,55260,0.2440463264567499,61681.24415884839,71,275700,8372,0.6207919323743141,0.00025752629669931085,0.048596493108364905,48.91548784911136,0.48519736842105265,24,9.784141849251583,71.0,3.168703007518797,67,12,1983.0,6782.340476190475,6964.173809523806,4497.48571428572
Schubert - Piano Sonata n16 D845 op42 3mov.csv,302140.9198774081,198.58283354781818,8672,169800,0.0510718492343934,46673.38565437677,62,848280,6196,0.7144833948339483,7.308907436223888e-05,0.1544755529086038,10.223039562408639,0.5988088792636708,25,52.35341948614904,62.0,4.695181375203032,30,12,288.0,2271.9500000000007,2477.2000000000003,4244.616666666664
Schubert - Piano Sonata n16 D845 op42 4mov.csv,265195.6899408284,226.24802089878403,7790,126720,0.06147411616161616,47527.05232311927,70,627360,4976,0.6387676508344031,0.00011157867890844172,0.17921502545431153,12.4171129813823,0.4772243507875692,0,30.11916423369634,74.0,3.3163048105576842,11,14,976.0,8034.5047619047655,8043.600000000002,1258.3333333333335
Schubert - Piano Sonata n17 D850 op53 1mov.csv,353773.4118385538,169.600082968873,15052,173760,0.08662523020257827,13828.012561583913,69,857760,8288,0.5506245017273452,8.044208170117515e-05,0.03908720129565416,17.5480320835665,0.498723268432812,0,23.363222662523135,71.0,2.4021704436642195,2,12,2733.0,7168.116666666665,7628.399999999996,6304.17857142857
Schubert - Piano Sonata n17 D850 op53 2mov.csv,849366.6002925581,70.6408751878558,10236,75420,0.13571996817820206,76856.61276714817,67,375780,7434,0.7262602579132473,0.00017829581137899836,0.09048697316409131,27.23934216828996,0.5677725118483412,10,21.527747787728753,68.0,4.851184834123223,45,16,820.0,3721.0666666666643,4254.499999999996,3973.7809523809556
Schubert - Piano Sonata n17 D850 op53 3mov.csv,353545.7211011819,169.70930892083544,12916,170910,0.07557193844713592,26794.72903928891,59,850710,9222,0.7139981418395788,6.935383385642581e-05,0.0757885824663127,15.182612171010097,0.6105435226808337,30,39.4806177019022,60.0,5.278299959133633,55,16,561.0,3956.3642857142827,4013.547619047618,3141.2738095238096
Schubert - Piano Sonata n17 D850 op53 4mov.csv,474706.5157527914,126.39388339730658,11970,111360,0.10748922413793104,49192.23801680045,65,551520,6798,0.5679197994987468,0.00011785610675950101,0.10362663326580047,21.703655352480418,0.40365161608684924,0,18.39226723840102,69.0,2.9533678756476682,18,13,1810.0,10125.116666666669,10245.633333333335,1700.311904761905
Schubert - Piano Sonata n18 D894 1mov.csv,689781.3148148148,86.98409004614479,15568,171360,0.09084967320261438,145931.54748456588,71,513365,10101,0.6488309352517986,0.00013830315662345506,0.21156204778284554,30.325402004421804,0.4899074852817494,0,31.02739049739378,72.0,3.2733389402859547,3554,12,1845.0,6490.216666666669,6661.250000000003,5266.685714285718
Schubert - Piano Sonata n18 D894 2mov.csv,1609789.7243760482,37.271948684636996,6678,36480,0.1830592105263158,275534.82298316783,65,109255,4170,0.6244384546271339,0.000594938446753009,0.1711619963843195,61.12306072948607,0.4594315245478036,1,12.095638165246744,65.0,3.4511627906976745,2880,10,1094.0,3377.649999999999,3527.616666666666,2885.9428571428593
Schubert - Piano Sonata n18 D894 3mov.csv,427913.81351840677,140.21515105265254,5458,77392,0.07052408517676245,102795.1227676824,53,231892,3775,0.6916452913155002,0.0002285546720024839,0.2402238944391092,23.53681886395391,0.599388379204893,1,34.97360589539788,60.0,4.172782874617737,2389,12,877.0,1210.7499999999998,1506.1499999999999,1271.2976190476195
Schubert - Piano Sonata n18 D894 4mov.csv,391550.3359393509,153.23700299236543,12930,197760,0.06538228155339806,94080.48845309897,64,592770,7187,0.5558391337973705,0.00010796767717664525,0.24027686817684546,21.81284477959411,0.3652869972666927,0,27.53121873979179,68.0,2.5244045294806714,2644,10,2899.0,8449.483333333337,8068.866666666676,5717.416666666673
Schubert - Piano Sonata n19 D958 1mov.csv,543505.9284026464,110.39438001410372,13238,133920,0.0988500597371565,129828.94777150558,70,401170,7915,0.5978999848919776,0.00017448961786773688,0.23887310328531353,32.99847944761572,0.36694677871148457,1,20.507998611254298,71.0,2.852402499461323,2647,11,2333.0,10785.266666666672,10962.05000000001,4423.178571428572
Schubert - Piano Sonata n19 D958 2mov.csv,1935476.8333756346,31.000112719176776,5574,27960,0.19935622317596566,584557.0395318114,61,83610,3507,0.6291711517761034,0.0007295778016983615,0.30202223527124045,66.66666666666667,0.21022364217252396,0,12.472276367170004,63.0,3.561661341853035,1823,14,1421.0,1388.5166666666669,1412.2833333333333,1619.740476190476
Schubert - Piano Sonata n19 D958 3mov.csv,321243.05140673846,186.77446792158514,1739,138420,0.012563213408466984,84796.51291311988,55,415130,584,0.3358251868890167,0.00013248861802326982,0.2639637263492298,4.189049213499386,0.4873035066505441,1,122.23883433602363,62.0,2.1027811366384523,1673,6,359.0,3176.2833333333338,3187.15,1057.1333333333328
Schubert - Piano Sonata n19 D958 4mov.csv,241823.1102129113,248.11524401937208,7356,519840,0.01415050784856879,43822.74372959794,72,1555460,2564,0.3485589994562262,4.628855772568886e-05,0.18121817923446001,4.729147647641212,0.5463143254520166,0,95.95501951600822,72.0,2.046175243393602,1830,8,2210.0,10806.800000000014,10200.166666666675,5566.7000000000035
Schubert - Piano Sonata n20 D959 1mov.csv,521704.3280190752,115.00767154418969,8078,464640,0.017385502754820936,153950.71279822502,68,1392740,2948,0.3649418172815053,4.882461909617014e-05,0.29509188352486904,5.80007754498327,0.29619289340101523,0,85.41054894530527,71.0,2.050253807106599,2838,8,4278.0,8179.850000000004,9056.214285714294,4522.43333333333
Schubert - Piano Sonata n20 D959 2mov.csv,1329039.4409983484,45.14538707363656,2218,72720,0.0305005500550055,461689.82536589366,70,217800,564,0.25428313796212804,0.00032139577594123047,0.3473860979017156,10.183654729109273,0.3664688427299703,1,43.53856126981316,70.0,1.6454005934718101,526,8,4302.0,3409.2833333333333,3153.8166666666675,1347.2333333333338
Schubert - Piano Sonata n20 D959 3mov.csv,340366.1955802411,176.28072581566062,2924,214020,0.01366227455378002,167263.9523875889,63,640920,1043,0.356703146374829,9.829619921363041e-05,0.4914235154946712,4.5621918492167515,0.2887700534759358,1,98.79103959860937,68.0,1.9545454545454546,2079,5,1499.0,5463.766666666665,5358.433333333331,1804.8666666666666
Schubert - Piano Sonata n20 D959 4mov.csv,462942.9992091014,129.60558881440022,6875,382080,0.01799361390284757,121609.70356893874,70,1144560,1538,0.2237090909090909,6.115887327881456e-05,0.2626882872766162,6.006675054169288,0.29415791875855773,0,59.47268298523775,71.0,1.5689183021451392,1551,8,11407.0,12273.96666666664,13004.849999999986,1498.55
Schubert - Piano Sonata n21 D960 1mov.csv,681946.3052421549,87.98346664360089,21468,926907,0.02316089963718043,78717.295715625,70,2773947,12663,0.589854667411962,2.5234800809099814e-05,0.11543034269783599,7.739152910996497,0.32205971968312,0,96.57902683243849,72.0,3.270566727605119,3661,14,5596.0,10549.752380952392,10044.190476190497,3870.752380952377
Schubert - Piano Sonata n21 D960 2mov.csv,1208661.2022491056,49.64170264450499,4582,200160,0.022891686650679456,106415.63261727346,59,596913,2308,0.50371017023134,9.884187477907166e-05,0.08804421985189291,7.676160512503497,0.2480127186009539,1,77.08894422468803,60.0,2.428192898781134,805,10,3883.0,3775.2833333333324,3795.7833333333333,592.3833333333333
Schubert - Piano Sonata n21 D960 3mov.csv,485244.12405819696,123.64910160726438,6296,226080,0.027848549186128804,40499.57261476349,57,677640,3862,0.613405336721728,8.411545953603683e-05,0.08346226282156122,9.291069004191016,0.4510416666666667,1,63.62042209135226,65.0,3.279166666666667,846,8,1307.0,4646.849999999998,4627.78333333333,1290.4666666666672
Schubert - Piano Sonata n21 D960 4mov.csv,447348.1305650102,134.1237302684572,11158,517440,0.021563852813852813,27700.775943843993,70,1551440,6244,0.5595984943538268,4.511937296962822e-05,0.061922190015318325,7.192028051358737,0.43787726358148893,0,85.27948359474449,72.0,2.806338028169014,2120,12,7800.0,9374.266666666666,8947.566666666666,5118.733333333333
Schubert - Symphony D759 n8 1mov Unfinished.csv,637879.107842393,94.06171053782936,14576,425984,0.03421724759615385,85274.00794190746,72,5536688,4182,0.2869099890230516,1.3004164222365429e-05,0.13368365085720435,2.63262080146109,0.2930943595150237,2,103.46004887113519,71.0,1.9209277807063785,111,15,24774.0,17769.199927849946,20017.517857142844,14634.783008657942
Schubert - Symphony D759 n8 2mov Unfinished.csv,808164.430472511,74.24231720383894,12854,45866,0.2802511664413727,202546.29717788802,65,733486,4682,0.36424459312276336,8.861791499769593e-05,0.2506251073923965,17.524533528928977,0.28127734033245844,2,9.94811770832406,65.0,1.8743073782443862,110,18,21204.0,6360.936904761903,6878.199999999999,5737.625000000004
Schubert - Symphony D759 n8 3mov Unfinished.csv,375000.0,160.0,396,1680,0.2357142857142857,0.0,29,23527,278,0.702020202020202,0.0012326263442002806,0.0,16.831725251838314,0.6666666666666666,3,15.605726125805274,48.0,5.28,1,18,17.0,38.14285714285714,62.66666666666667,254.00000000000006
Schubert - Moments musicaux op94 D780 n1.csv,584405.4578890434,102.66844566566616,5298,220320,0.024046840958605663,42105.582447082714,51,659520,3627,0.6845979614949037,7.732896652110626e-05,0.07204857839482563,8.03311499272198,0.6401906274821286,1,104.29550948726553,64.0,4.208101667990468,536,12,1402.0,3082.5499999999997,2445.9833333333336,1414.8333333333335
Schubert - Moments musicaux op94 D780 n2.csv,814097.3525301205,73.70125920877513,3306,196584,0.016817238432425833,150333.48029985398,52,589704,2274,0.6878402903811253,8.817983259397935e-05,0.18466277998894715,5.6062024337633805,0.5963541666666666,1,163.29641888725774,58.0,4.3046875,648,12,945.0,983.7666666666668,1096.35,700.7833333333339
Schubert - Moments musicaux op94 D780 n3.csv,655921.562938506,91.47435210271495,2116,74880,0.02825854700854701,69792.7643836537,38,224640,1377,0.6507561436672968,0.00016915954415954416,0.1064041317242027,9.41951566951567,0.5538461538461539,0,65.13986611786532,45.0,3.617094017094017,184,10,19.0,991.3666666666666,943.4499999999999,856.8833333333339
Schubert - Moments musicaux op94 D780 n4.csv,725919.5419538508,82.65378810233823,5306,265920,0.019953369434416366,246077.8785116542,50,662880,3507,0.6609498680738787,7.542843350229302e-05,0.33898781378625326,8.004465363263336,0.7146050670640834,0,82.66997681655515,56.0,3.953800298062593,1201,14,1074.0,4579.499999999999,4530.866666666668,882.3666666666669
Schubert - Moments musicaux op94 D780 n5.csv,271458.08747697977,221.02859619199273,4648,243840,0.019061679790026247,9500.196058174562,52,668160,3368,0.7246127366609294,7.78256704980843e-05,0.03499691663811711,6.956417624521073,0.9111111111111111,0,110.7690575403351,63.0,5.738271604938272,426,12,0.0,491.66666666666674,530.6666666666667,1002.1333333333333
Schubert - Moments musicaux op94 D780 n6.csv,481729.42767837894,124.55124506128013,3976,309120,0.01286231884057971,36531.309940051,54,917280,3053,0.7678571428571429,5.886970172684458e-05,0.07583366894588117,4.334554334554334,0.6527272727272727,1,239.77575150793584,57.0,7.2290909090909095,513,14,122.0,663.0333333333333,669.9333333333333,793.3452380952383
Beethoven - Piano Sonata n01.csv,412404.21204204386,145.48832976973355,7332,1047240,0.007001260456055918,243963.89921947801,59,5204040,1978,0.26977632296781234,1.133734560072559e-05,0.5915650036925577,1.40890538889017,0.3573091247672253,2,190.43206325615319,58.0,1.7067039106145252,1089,7,7530.0,9696.042857142871,10434.792857142867,2558.0880952380962
Beethoven - Piano Sonata n02.csv,642453.579725812,93.39196152600934,9340,1004640,0.009296862557732122,474586.58141133736,62,5015940,2375,0.25428265524625265,1.2360594424973186e-05,0.7387095291987986,1.8620637407943477,0.3153409090909091,1,140.4386122987273,64.0,1.6583806818181819,1300,7,8784.0,10200.828571428565,10396.928571428567,2645.5071428571473
Beethoven - Piano Sonata n03.csv,535688.611158203,112.00536795112193,11915,1438440,0.008283279107922472,428705.6738824103,63,7121160,3616,0.3034830046160302,8.846873262221324e-06,0.8002889457655507,1.6731824590375726,0.38774903360095153,1,168.9144675098042,63.0,1.771483794231341,1485,9,10616.0,13259.990476190465,13665.713095238083,10116.541666666635
Beethoven - Piano Sonata n04.csv,374784.10594076966,160.0921678612548,12248,1593600,0.00768574297188755,115414.11843907836,63,7967040,3386,0.27645329849771394,7.907579226412821e-06,0.3079482737117946,1.5373338153191147,0.4196775156763213,3,203.67453392265858,64.0,1.8286055538966857,1412,7,9417.0,12387.77857142857,12965.678571428572,9590.323809523814
Beethoven - Piano Sonata n05.csv,486747.10902040557,123.26729607239365,7229,1112160,0.006499964033951949,308515.1203007828,63,5543640,2122,0.29353990870106517,1.1364374310020132e-05,0.6338304112821123,1.3040168553513576,0.3704694721478959,1,229.43834021790693,63.0,1.7584529311603017,1083,11,9343.0,9127.247619047619,8770.101298701298,3144.3415584415543
Beethoven - Piano Sonata n06.csv,420494.7367256637,142.68906304799907,7171,685800,0.010456401283172937,106488.1000931531,59,3345720,2302,0.32101520011156043,1.763447030833423e-05,0.253244787134226,2.143335365780759,0.41043652784746615,1,161.10299149688453,60.0,1.7990466633216258,744,8,11360.0,7635.609523809524,7849.750000000003,5604.140476190472
Beethoven - Piano Sonata n07.csv,607438.7930157146,98.77538393970795,9201,1091274,0.008431429686769775,385650.09278328967,66,5217054,2561,0.27833931094446257,1.2650817875375643e-05,0.6348789330175572,1.7636390192625953,0.4106280193236715,1,183.39279991373792,67.0,1.7779710144927536,1298,9,8077.0,12629.388095238108,12791.39047619049,5360.792857142854
Beethoven - Piano Sonata n08 op13 1mov Pathetique.csv,442885.10072542314,135.47531832008588,5890,416304,0.014148314693108881,668738.6172523197,61,1656768,2591,0.4398981324278438,3.681867346544598e-05,1.5099596174198682,3.555114536253718,0.4634065202927478,2,90.31398321059595,60.0,1.959414504324684,191,8,6114.0,7529.183333333332,7509.421428571427,3433.4285714285706
Beethoven - Piano Sonata n09.csv,369672.52636702906,162.30581317376303,5706,856560,0.006661529840291398,65009.06450218059,63,4239180,1581,0.27707676130389064,1.4861364697889686e-05,0.17585581796153388,1.3460150312088657,0.3800702650910252,1,238.1734861234095,62.0,1.8224209517725967,771,7,5323.0,7069.897619047618,7685.726190476192,2942.1238095238114
Beethoven - Piano Sonata n11.csv,663776.232721344,90.39190775784864,12752,1053240,0.012107401921689263,338935.35963971313,62,6152520,3357,0.26325282308657466,1.007717163048637e-05,0.5106168960737701,2.072646655354229,0.38226048927155937,2,121.24533149234104,63.0,1.7427907612409457,1489,7,12431.0,16436.509523809502,16522.75952380954,5604.011904761925
Beethoven - Piano Sonata n13.csv,513188.2247945814,116.91616662486119,16694,729840,0.02287350652197742,217552.8960316991,61,3630000,9915,0.5939259614232658,1.6804407713498624e-05,0.42392417736938726,4.598898071625344,0.5033980582524272,4,89.24416309003146,60.0,2.701294498381877,1070,14,6447.0,10839.490476190484,11173.433333333343,5753.385714285704
Beethoven - Piano Sonata n16.csv,408372.29571047565,146.92475623404752,12239,1383600,0.008845764671870484,103969.63699828873,62,6918000,3605,0.29455020835035545,8.962127782596126e-06,0.2545952261952663,1.7691529343740966,0.3869764773379231,1,172.20303916939832,63.0,1.7554503729202524,1350,7,15569.0,16730.883333333335,17102.01666666666,8516.66666666667
Beethoven - Piano Sonata n17 Tempestat.csv,641763.9054171653,93.49232559440726,7905,881280,0.008969907407407407,435382.95068309625,64,4405790,1772,0.22416192283364958,1.4526339203638849e-05,0.6784160763919632,1.7942298656994546,0.32649032767469405,2,185.85191720540317,65.0,1.5604026845637584,1003,7,12780.0,10272.795238095241,9951.871428571427,4596.195238095238
Beethoven - Piano Sonata n18 The Hunt.csv,357615.8419292735,167.7778022257368,8972,1268640,0.0070721402446714595,109597.34465693447,62,6077280,2780,0.3098528756130183,1.0201932443461549e-05,0.30646669360528433,1.4763183529473713,0.4581557535838822,2,205.17894580357995,62.0,1.7380860131731888,1113,8,7458.0,9771.573809523832,9437.063095238105,4897.003571428572
Beethoven - Piano Sonata n19.csv,685052.4570110444,87.58453368926854,3362,347040,0.00968764407561088,326395.4324338183,52,1718280,941,0.27989292088042833,3.0262820960495378e-05,0.4764531958003855,1.956607770561259,0.544932079414838,0,122.87693949909826,58.0,1.7565308254963428,310,8,1803.0,3307.1333333333323,2987.1833333333357,1627.7500000000007
Beethoven - Piano Sonata n20.csv,505882.8230571612,118.60454094370472,2937,409320,0.0071753151568455,104909.83282432759,43,2045775,560,0.1906707524685053,2.1018929256638683e-05,0.2073797093768363,1.4356417494592513,0.3630278063851699,1,137.84833579952368,57.0,1.512358393408857,270,6,3273.0,2891.8666666666677,2515.200000000001,798.4000000000002
Mozart - Adagio in B flat.csv,1652291.108704319,36.31321362435361,6664,206608,0.032254317354603886,88060.80677668074,55,619616,2684,0.4027611044417767,8.87646542374632e-05,0.05329618147357555,10.755048287971906,0.18293620292083013,0,60.00632477672076,58.0,1.7074045605944146,858,5,1103.0,3444.4333333333343,3504.1333333333337,2136.0499999999993
Mozart - Another piece for PianoK.176.csv,436265.25196850393,137.5310083241094,1139,70908,0.016063067636938003,15148.34040920372,38,279900,550,0.4828797190517998,0.00013576277241872096,0.03472277551524399,4.069310468024295,0.41567291311754684,1,75.26174238158303,53.0,1.940374787052811,4,5,414.0,1532.0166666666669,1605.4166666666667,1147.566666666667
Mozart - Contradance n1.csv,545454.0,110.00011000011,604,7679,0.0786560750097669,0.0,25,15358,364,0.6026490066225165,0.0016278161218908711,0.0,39.32803750488345,0.7142857142857143,0,22.45976637582537,45.0,2.53781512605042,1,5,42.0,146.66666666666663,193.33333333333331,274.0
Mozart - Contradance n2.csv,463772.786407767,129.37369711737608,756,15359,0.04922195455433297,12156.231258043645,25,45838,373,0.4933862433862434,0.0005453990139185829,0.026211609681115303,16.492866180897945,0.30601092896174864,0,37.2787576315017,41.0,2.0655737704918034,12,7,208.0,820.5,714.9047619047619,225.47619047619048
Mozart - Contradance n3.csv,501231.4553440703,119.7051768405337,1976,38639,0.051140039856103936,9792.972971981637,28,115678,937,0.4741902834008097,0.0002420512111205242,0.019537826023427143,17.08189975621985,0.4,0,37.98278036860616,45.0,1.9372549019607843,22,4,166.0,1158.0000000000002,1199.0,524.6666666666665
Mozart - Early Pieces n1 Andante.csv,631579.0,94.99999208333399,566,12959,0.043676209584072846,0.0,39,25918,245,0.43286219081272087,0.0015047457365537464,0.0,21.83810479203642,0.3873015873015873,1,37.59997798293008,48.0,1.7968253968253969,1,4,171.0,585.1666666666666,562.6666666666667,413.66666666666674
Mozart - Early Pieces n10 Air.csv,1038660.7213114754,57.76669779544604,332,4799,0.0691810793915399,111031.40694363808,19,14278,138,0.41566265060240964,0.0013307185880375404,0.10689862884527217,23.25255638044544,0.4791666666666667,0,25.70300944794108,31.0,1.7291666666666667,22,3,16.0,423.8333333333333,436.50000000000006,25.333333333333336
Mozart - Fantasia in C K.475.csv,500000.0,120.0,3964,698880,0.005671932234432234,0.0,61,698880,166,0.04187689202825429,8.728250915750916e-05,0.0,5.6719322344322345,0.0,0,304.2623989930651,60.0,1.043982091124572,1,3,34720.0,1931.1666666666667,1781.3333333333333,65.5
Mozart - Fantasia in D K397.csv,500000.0,120.0,1675,247296,0.006773259575569358,0.0,54,247296,104,0.06208955223880597,0.00021836180124223603,0.0,6.773259575569359,0.0,0,234.03498719369708,56.0,1.0675589547482474,1,5,9471.0,861.2333333333333,945.1666666666666,136.33333333333331
Mozart - K02 Minuet in F.csv,389610.0,154.000154000154,520,34512,0.015067222994900325,0.0,23,69024,107,0.20576923076923076,0.00033321743161798795,0.0,7.5336114974501625,0.2621359223300971,1,53.88783835806465,40.0,1.2621359223300972,1,2,212.0,311.0,505.0,122.0
Mozart - K03 Allegro in Bb.csv,500000.0,120.0,652,28962,0.022512257440784476,0.0,24,57924,208,0.31901840490797545,0.0004143360265175057,0.0,11.256128720392239,0.43243243243243246,0,48.24988306598156,32.0,1.4684684684684686,1,3,96.0,307.0,369.0,84.99999999999997
Mozart - K04 Minuet in F.csv,574901.9162072768,104.36562882905305,450,34464,0.013057103064066853,20962.988477372764,30,103212,103,0.2288888888888889,0.00029066387629345423,0.03646359124295336,4.359958144401814,0.29651162790697677,1,78.65922263637513,48.0,1.308139534883721,6,3,524.0,717.3333333333334,777.3333333333334,92.0
Mozart - K279 Piano sonata n01 1mov.csv,500000.0,120.0,2895,105752,0.02737536878735154,0.0,53,211504,709,0.2449050086355786,0.00025058627732808835,0.0,13.68768439367577,0.12804038549793484,0,30.797192198847505,57.0,1.3285910968334098,1,6,5388.0,3321.083333333333,3176.416666666666,362.6666666666667
Mozart - K280 Piano sonata n02 1mov.csv,413793.0,145.00003625000906,2641,143712,0.018377031841460698,0.0,55,184032,776,0.2938280954184021,0.00029886106764041035,0.0,14.350765084333158,0.0,2,53.726783133531924,57.0,1.4191295002686728,1,6,3710.0,2759.9166666666656,3329.249999999999,894.9666666666666
Mozart - K284 Piano Sonata n06 .csv,500000.0,120.0,14747,601795,0.024505022474430663,0.0,57,601795,2656,0.18010442801925816,9.471663938716673e-05,0.0,24.505022474430664,0.0,1,62.18062108741153,57.0,1.2223972148541113,1,4,70476.0,22312.083333333332,24785.75,4250.0
Mozart - K309 Piano Sonata n10 1mov.csv,441176.0,136.0001450668214,4960,477308,0.010391612962699137,0.0,55,954616,1929,0.38891129032258065,5.761478961173917e-05,0.0,5.195806481349569,0.31146454605699136,0,120.27745668504744,58.0,1.6434724983432738,1,6,4743.0,5835.333333333335,5901.1666666666715,2367.1000000000004
Mozart - K309 Piano Sonata n10 2mov.csv,1200000.0,50.0,1500,91904,0.016321378830083565,0.0,46,181888,551,0.36733333333333335,0.00025290288529204784,0.0,8.246833216045038,0.26119402985074625,1,80.78609068737175,56.0,1.5991471215351811,1,5,1311.0,2344.833333333332,2454.833333333333,509.51666666666677
Mozart - K309 Piano Sonata n10 3mov.csv,698044.8534823498,85.95436195923062,3637,194560,0.01869346217105263,4389.803352888395,55,582656,1320,0.3629364861149299,9.439532073813708e-05,0.006288712438733556,6.2421051186291745,0.20103986135181975,0,57.62042120101147,58.0,1.5758232235701906,2,6,5752.0,5439.616666666668,5648.083333333333,1682.8666666666663
Mozart - K330 Piano Sonata n10 1mov.csv,895181.3005805019,67.02552875165237,9544,287760,0.033166527661940504,50948.17443060355,42,863280,5144,0.5389773679798826,4.8651654156241313e-05,0.05691380550237698,11.055509220646835,0.3905919661733615,0,45.243208339295435,46.0,2.522198731501057,1094,8,5876.0,6357.533333333327,6580.466666666658,1290.1666666666667
Mozart - K330 Piano Sonata n10 2mov.csv,1302421.7467682364,46.068026849890195,2968,145440,0.020407040704070407,86012.95025040083,45,434640,1701,0.5731132075471698,0.00010353395913859746,0.06604078169289558,6.828639793852384,0.3988165680473373,1,95.9707389504421,49.0,3.5124260355029584,800,12,802.0,1753.3333333333328,1667.083333333333,479.4499999999998
Mozart - K331 Piano sonata n11 3mov.csv,476190.0,126.000126000126,5642,107280,0.052591349739000745,0.0,44,307192,3664,0.6494151010280043,0.00014323289669001797,0.0,18.366363707388214,0.6634320735444331,0,31.216123694783533,50.0,2.881511746680286,1,9,1252.0,5806.699999999998,6221.699999999998,1213.5833333333342
Mozart - K333 Piano Sonata n13 .csv,500000.0,120.0,11777,565153,0.020838604767204633,0.0,58,565153,2035,0.17279442982083723,0.00010262707620768181,0.0,20.838604767204632,0.0,1,67.10546756305774,60.0,1.2128733264675593,1,4,53334.0,16458.166666666664,16593.166666666664,2058.3333333333335
Mozart - K333 Piano Sonata n13 1mov.csv,521695.62790211255,115.00958948281237,11500,635040,0.018109095490047872,57853.48699548079,52,1905120,6633,0.5767826086956521,2.7294868564709833e-05,0.11089509649165782,6.0363651633492905,0.4360938247965534,0,85.92398850424883,62.0,2.752513164193394,1762,8,5848.0,9332.133333333337,8622.8,1421.0
Mozart - K333 Piano Sonata n13 2mov.csv,1066630.1642532651,56.2519249978321,5742,234621,0.024473512601173808,58243.38025005808,48,703581,3447,0.6003134796238244,6.822242215182047e-05,0.05460503762410804,8.161107249911524,0.38271604938271603,1,77.64989806373725,50.0,3.2222222222222223,764,8,2206.0,4447.999999999996,4156.833333333331,652.5
Mozart - K354 Piano Variations Je Suis Lindor.csv,810999.2136677116,73.98280909379973,15878,275490,0.05763548586155577,233346.80515067282,57,1375080,6420,0.4043330394256204,4.145213369403962e-05,0.28772753563517184,11.546964540244932,0.25412576852550967,1,27.328974099543867,59.0,1.712652356811563,59,10,14570.0,13240.700000000017,13256.633333333342,1672.900000000001
Mozart - K398 Piano Variations Salve Tu Domine.csv,624801.5390676297,96.03049328197235,3795,127680,0.029722744360902255,24572.111379204078,58,342585,932,0.2455862977602108,0.00016930104937460777,0.03932786627874223,11.07754279959718,0.29672066376926115,3,43.45777954150495,60.0,1.4994073488739628,6,5,4049.0,4474.183333333335,4498.033333333334,1862.549999999999
Mozart - K545 Piano Sonata.csv,662431.7084223647,90.57537439277313,11196,258480,0.04331476323119777,248140.32022406952,49,516720,7015,0.626563058235084,9.4828920885586e-05,0.3745900401039618,21.66744078030655,0.0,2,41.6837238731466,53.0,2.7050012080212613,24,7,6840.0,4538.333333333334,3776.1666666666674,3020.8333333333335
Mozart - K570 Piano Sonata 2mov.csv,909091.0,65.99999340000066,3652,37920,0.09630801687763713,0.0,44,75840,1019,0.2790251916757941,0.000580168776371308,0.0,48.154008438818565,0.10474006116207951,0,15.79690662097881,53.0,1.3960244648318043,1,5,5780.0,2076.166666666667,2312.0,619.3333333333331
Mozart - K573 9 Variations for Piano Uber Duport.csv,530669.0989772805,113.06480840062777,6934,718440,0.009651467067535216,137723.3204479292,51,4298280,1747,0.2519469281799827,1.1865211200759373e-05,0.25952768064572296,1.613203420903245,0.30210571551353677,2,110.22518040682226,56.0,1.4899011602922216,436,5,9712.0,9441.116666666658,9587.266666666663,1243.8833333333334
Mozart - K576 Piano Sonata n19 .csv,500000.0,120.0,8013,366339,0.021873183035385258,0.0,52,366339,1277,0.1593660302009235,0.00014194502905778527,0.0,21.873183035385257,0.0,1,64.50821017575177,56.0,1.1917013682331945,1,3,31813.0,9951.833333333334,10183.000000000002,1055.8333333333333
Mozart - K617 Adagio.csv,857143.0,69.99998833333528,2576,107522,0.02395788768810104,0.0,26,215044,617,0.23951863354037267,0.00012090548910920555,0.0,11.97894384405052,1.0,0,112.11604922669487,28.0,2.639344262295082,1,12,0.0,0.0,0.0,1893.7500000000005
Mozart - Piano Sonata n01 K279.csv,669910.5318370335,89.56419872287658,5567,509280,0.010931118441721645,361483.5555490947,56,3055680,1228,0.22058559367702532,1.8326526337836424e-05,0.5395997500708518,1.8218530736202745,0.3207941483803553,1,95.32286368301828,57.0,1.4542842215256009,662,4,6627.0,5273.249999999998,5805.166666666666,3027.5833333333317
Mozart - Piano Sonata n02 K280.csv,818406.8997500695,73.31316490406324,4774,526320,0.009070527435780514,632626.4934528024,60,3157920,1115,0.23355676581483034,1.899984800121599e-05,0.7729975072864098,1.5117545726300856,0.29941771376034326,2,130.70537036922028,60.0,1.4630707937480847,701,6,6449.0,5215.25,5546.250000000003,1246.4833333333338
Mozart - Piano Sonata n03 K281.csv,530072.5436722984,113.1920540240115,5855,641520,0.009126761441576257,256904.9741502996,55,3849120,1244,0.212467976088813,1.4288980338363054e-05,0.4846600285509665,1.521126906929376,0.3075030750307503,1,138.67336591318,60.0,1.4403444034440345,698,6,8312.0,7587.000000000003,7846.799999999998,1793.1333333333328
Mozart - Piano Sonata n04 K282.csv,625166.7037289988,95.97440113510777,3257,416160,0.007826316801230295,216236.88242964947,47,2496960,900,0.276327909118821,1.8822888632577215e-05,0.3458867549084719,1.3043861335383826,0.4160654160654161,1,150.291842739683,50.0,1.5666185666185666,473,4,2549.0,3952.9166666666656,4068.666666666666,1008.2500000000002
Mozart - Piano Sonata n05 K283.csv,562796.4135877152,106.61048747185848,4815,524640,0.00917772186642269,263660.0939850524,54,3147375,1364,0.2832814122533749,1.715715477183367e-05,0.4684821857770409,1.5298463004885023,0.4061016949152542,2,127.76283921940377,60.0,1.6322033898305084,539,6,3594.0,5990.750000000001,6270.733333333336,1632.7500000000005
Mozart - Piano Sonata n06 K284.csv,577700.7659457864,103.85999731499513,10585,1095365,0.009663445518160613,216795.41557926164,58,6548120,2899,0.2738781294284365,8.857504138592451e-06,0.37527285466608945,1.6164945052931223,0.37677053824362605,2,121.51301002544322,58.0,1.5782018786342626,1193,6,13225.0,13589.683333333342,13790.26666666668,6502.383333333334
Mozart - Piano Sonata n07 K309.csv,565553.7069215876,106.09072006015306,7577,769440,0.009847421501351632,170667.61033121022,56,4615015,2175,0.2870529233205754,1.2134305088932539e-05,0.30177082784972853,1.6418148153364613,0.39814424293547024,1,139.6339568246519,58.0,1.5978490088570223,706,6,9526.0,10364.250000000005,10796.583333333354,3501.5166666666687
Mozart - Piano Sonata n08 K311.csv,525079.7881856016,114.26834806825894,7157,796200,0.008988947500627982,153062.2821625998,57,4740455,2072,0.2895067765823669,1.2024162237591117e-05,0.29150290223796693,1.5097706865691163,0.41566674213266924,0,141.04829355987957,58.0,1.6203305410912383,899,7,4851.0,10456.733333333332,10618.166666666672,2573.866666666666
Mozart - Piano Sonata n09 K310.csv,534141.5228736212,112.32978046193968,8117,779830,0.010408678814613442,189939.2104873443,59,4597170,2523,0.3108291240606135,1.2833982645845162e-05,0.35559716358595894,1.7656514768868674,0.3882548246524175,1,110.52686533576112,60.0,1.6843743515252128,717,6,6192.0,12321.866666666674,13445.416666666675,3121.2500000000005
Mozart - Piano Sonata n10 K330.csv,697450.4644532916,86.0276149461482,5770,570000,0.01012280701754386,441306.4962651238,52,3419280,1357,0.23518197573656846,1.5207880021524999e-05,0.6327424222321644,1.6874897639269084,0.3859508547008547,1,106.97629230959518,54.0,1.5411324786324787,849,8,5922.0,7957.116666666665,7983.250000000001,1693.883333333334
Mozart - Piano Sonata n11 K331.csv,535429.0635679462,112.05966220842991,9470,1098530,0.008620611180395619,327224.83940550685,55,6587255,2689,0.2839493136219641,8.349456640133105e-06,0.6111450828331471,1.4376246251283729,0.44651921682378537,1,143.39247952143347,56.0,1.716823785351704,1039,8,7200.0,14219.688095238085,14395.149999999978,3429.1761904761925
Mozart - Piano Sonata n12 K332.csv,561893.9849653045,106.78170901527776,13736,837135,0.016408345129519133,317855.4888246306,59,4988370,6021,0.4383372160745486,1.1827510790097768e-05,0.5656858719430097,2.7536048849624226,0.34562398703403563,1,100.32903729993203,59.0,1.8552133981631551,849,10,6604.0,9727.166666666666,10223.08333333333,3475.7809523809483
Mozart - Piano Sonata n13 K333.csv,635578.809472871,94.40214038879317,7496,887425,0.008446911006563935,463497.120663618,57,5316040,1801,0.2402614727854856,1.072226695058728e-05,0.7292520042448046,1.410072158975478,0.36517875176731973,1,124.3239476660265,60.0,1.514037568168047,787,6,7348.0,12009.48333333333,11672.349999999993,2059.2666666666664
Mozart - Piano Sonata n14 K457.csv,570648.8103081463,105.14347689185654,6400,1042080,0.006141563027790573,454071.79109440604,59,6248985,1549,0.24203125,9.441533305008734e-06,0.7957114479029764,1.024166324611117,0.3082758620689655,1,210.68577270986646,60.0,1.471264367816092,698,8,9635.0,9281.683333333332,8902.81666666666,2402.35
Mozart - Piano Sonata n15 K593-494.csv,497693.4936432756,120.55612694628738,7583,1040602,0.0072871280278146685,242840.61588855865,59,6161052,1736,0.22893313991823816,9.576286647150519e-06,0.48793206861292815,1.2307962990735999,0.3049808429118774,1,148.20408160817442,60.0,1.4526819923371648,631,6,10285.0,9215.283333333336,9264.000000000007,2874.0833333333335
Mozart - Piano Sonata n16 K545.csv,677828.932503815,88.5179093467839,3628,330240,0.0109859496124031,302533.97026096535,49,1973240,890,0.24531422271223816,2.4832255579655796e-05,0.4463279092313791,1.8386004743467597,0.42041666666666666,1,105.37393801221141,53.0,1.5116666666666667,252,5,4303.0,2813.1666666666665,2341.3333333333335,2393.2
Mozart - Piano Sonata n17 K547a.csv,452155.32024252444,132.69776405111753,3441,356160,0.009661388140161726,57032.87935079083,50,2128430,1106,0.32141819238593433,2.3491493730120325e-05,0.1261355927874516,1.6166845985068807,0.4143968871595331,1,118.18526781378472,60.0,1.67363813229572,296,8,3235.0,4187.35,3899.066666666665,2050.8166666666666
Mozart - Piano Sonata n18 K570.csv,833654.3975659229,71.97227073375497,5917,706320,0.008377222788537773,644660.844844403,54,4200670,1417,0.23947946594558053,1.2855092163869098e-05,0.7732950809432095,1.4085848209928415,0.43243243243243246,1,144.41509840373715,55.0,1.5991891891891892,829,5,4614.0,5739.916666666663,5727.133333333339,2865.9500000000016
Mozart - Piano Sonata n19 K576.csv,578776.6000480038,103.66694160583477,5920,606681,0.009758011211823018,151310.732300956,53,1819563,1297,0.21908783783783783,2.912787301126699e-05,0.2614320141629884,3.2535284571075582,0.29359386594113285,1,122.42344864126768,56.0,1.464259213455355,641,5,7405.0,7582.666666666668,7317.583333333333,1233.583333333334
Mozart - Rondo.csv,333333.0,180.00018000018,9852,256080,0.038472352389878166,0.0,52,557472,4629,0.4698538367844093,9.327822742666897e-05,0.0,17.672636473221974,0.2489435266999616,0,38.89348174637077,56.0,1.8924318094506338,4,7,5002.0,6059.366666666667,6182.7,2273.3333333333317
Bach - Bwv772 Invention n01.csv,776637.9144500359,77.25607890581556,944,11230,0.08406055209260908,320381.8893495977,39,32350,548,0.5805084745762712,0.001205564142194745,0.4125241420597798,29.18083462132921,0.38904899135446686,0,20.867819297959404,46.0,2.7204610951008648,136,5,664.0,1155.6666666666667,1147.5,52.5
Bach - Bwv775 Invention n04.csv,817625.2916666666,73.38324855105031,1112,9360,0.1188034188034188,127224.38254482279,41,27844,590,0.5305755395683454,0.0014724895848297658,0.1556023081006773,39.93679069099267,0.4263392857142857,1,13.334756940242542,46.0,2.482142857142857,3,4,789.0,1125.0,1065.0,115.0
Bach - Bwv0934 Little Prelude n2.csv,476190.0,126.000126000126,1404,46048,0.03048992355802641,0.0,41,126640,797,0.5676638176638177,0.00032375236891977257,0.0,11.086544535691724,0.36333333333333334,1,43.35342346720045,44.0,2.34,1,4,276.0,1923.0,1831.0,14.0
Bach - Bwv0992 Capriccio.csv,500000.0,120.0,3083,385536,0.007996659196547145,0.0,47,772608,1287,0.41745053519299385,6.083291915175613e-05,0.0,3.99038063286945,0.0,0,199.1337451904195,48.0,1.7213847012841987,1,9,2325.0,3681.839285714286,3865.3476190476194,1286.5222222222221
Bach - invent1.csv,697674.0,86.00005160003096,471,21120,0.022301136363636363,0.0,36,42240,56,0.11889596602972399,0.0008522727272727272,0.0,11.150568181818182,0.36046511627906974,0,26.606356364123425,48.0,1.369186046511628,1,5,512.0,779.1,771.5,46.0
Bach - invent4.csv,606061.0,98.99993565004183,543,19080,0.028459119496855347,0.0,41,38160,95,0.17495395948434622,0.0010744234800838573,0.0,14.229559748427674,0.5338983050847458,1,27.57156604924579,46.0,1.5338983050847457,1,2,219.0,1236.5,1214.5,126.0
Bach - Minuet in G.csv,480088.5098901099,124.97695479888434,414,11521,0.03593438069612013,218241.76483309173,25,34441,100,0.24154589371980675,0.0007258790395168549,0.4545865196462342,12.020556894399116,0.10610932475884244,1,38.21783891288106,40.0,1.3311897106109325,483,5,1473.0,93.25,105.25,4.0
Chopin - Prelude n04 op28 Suffocation.csv,947346.792508918,63.33477927454447,1208,51840,0.02330246913580247,103129.03191126416,37,152933,761,0.6299668874172185,0.00024193601119444462,0.10886090788162281,7.898883824942949,0.2465753424657534,0,112.81483993446516,56.0,5.5159817351598175,335,13,39.0,344.83333333333326,349.4166666666667,195.15000000000003
Chopin - Prelude n05 op28 Uncertainty.csv,521190.02997275203,115.1211584057677,920,28080,0.03276353276353276,19410.443147117272,37,83248,559,0.6076086956521739,0.0004444551220449741,0.03724254500442393,11.0513165481453,0.9466192170818505,1,51.95199713787892,52.0,3.2740213523131674,386,7,81.0,37.5,19.0,807.6666666666666
Scarlatti - K032.csv,500000.0,120.0,220,32256,0.006820436507936508,0.0,32,32256,96,0.43636363636363634,0.000992063492063492,0.0,6.820436507936508,0.0,0,141.75805054909537,44.0,1.7741935483870968,1,5,72.0,208.88333333333333,254.1,131.3
Scarlatti - K034.csv,500000.0,120.0,227,35328,0.006425498188405797,0.0,34,35328,71,0.31277533039647576,0.0009624094202898551,0.0,6.425498188405797,0.0,0,112.76727708306001,44.0,1.455128205128205,1,3,261.0,517.5,481.5,91.0
Scarlatti - K040.csv,500000.0,120.0,303,38400,0.007890625,0.0,29,38400,120,0.39603960396039606,0.0007552083333333333,0.0,7.890625,0.0,0,116.15035546047949,39.0,1.6557377049180328,1,3,300.0,711.1666666666667,854.3333333333334,64.83333333333331
Scarlatti - K042.csv,500000.0,120.0,255,33792,0.007546164772727273,0.0,27,33792,84,0.32941176470588235,0.0007990056818181819,0.0,7.5461647727272725,0.0,0,122.74395279007186,41.0,1.4912280701754386,1,5,85.0,680.0166666666667,651.6666666666667,28.066666666666663
Scarlatti - K078.csv,500000.0,120.0,710,69120,0.010271990740740741,0.0,38,69120,362,0.5098591549295775,0.0005497685185185186,0.0,10.27199074074074,0.0,0,140.5632198051918,48.0,2.1646341463414633,1,6,223.0,583.2833333333334,647.5333333333333,683.2833333333333
Scarlatti - K080.csv,500000.0,120.0,293,44544,0.006577765804597701,0.0,36,133632,148,0.5051194539249146,0.00026939655172413793,0.0,2.192588601532567,0.38636363636363635,0,169.88423706651477,46.0,2.2196969696969697,1,5,217.0,289.76666666666665,197.2833333333333,50.433333333333316
Scarlatti - K083.csv,500000.0,120.0,794,72192,0.010998448581560284,0.0,41,72192,347,0.43702770780856426,0.000567929964539007,0.0,10.998448581560284,0.0,0,87.7236921296174,47.0,1.7762863534675615,1,3,243.0,457.83333333333337,544.6666666666666,809.5000000000005
Scarlatti - K088.csv,500000.0,120.0,2660,313344,0.0084890727124183,0.0,46,313344,1451,0.5454887218045112,0.00014680351307189542,0.0,8.4890727124183,0.0,0,179.39518338294386,48.0,2.2334172963895886,1,8,391.0,1892.6571428571428,1876.5916666666672,3034.972619047616
Scarlatti - K090.csv,500000.0,120.0,2983,337920,0.008827533143939394,0.0,42,337920,1402,0.4699966476701307,0.00012428977272727271,0.0,8.827533143939393,0.0,0,157.36813367408263,46.0,1.9560655737704917,1,6,1039.0,4346.016666666668,3909.183333333335,1775.8000000000004
Scarlatti - K091.csv,500000.0,120.0,2434,294912,0.008253309461805556,0.0,43,294912,1325,0.5443714050944947,0.00014580620659722222,0.0,8.253309461805555,0.0,0,179.38328720983563,45.0,2.2495378927911274,1,6,246.0,2284.416666666667,2288.333333333334,1547.5833333333348
Scarlatti - K163.csv,500000.0,120.0,438,46080,0.009505208333333333,0.0,30,46080,152,0.3470319634703196,0.0006510416666666666,0.0,9.505208333333334,0.0,0,89.62005879714056,46.0,1.5314685314685315,1,3,332.0,544.6666666666665,566.0,193.33333333333348
Scarlatti - K164.csv,500000.0,120.0,908,76800,0.011822916666666667,0.0,38,76800,278,0.30616740088105726,0.0004947916666666667,0.0,11.822916666666668,0.0,0,95.29408667020877,48.0,1.8269617706237424,1,5,379.0,776.1666666666671,700.2500000000001,414.78333333333353
Scarlatti - K165.csv,500000.0,120.0,710,76800,0.009244791666666667,0.0,41,76800,201,0.2830985915492958,0.0005338541666666666,0.0,9.244791666666668,0.0,0,96.8739529927486,50.0,1.3948919449901769,1,3,1298.0,1348.4999999999998,1370.666666666667,100.50000000000001
Scarlatti - K185.csv,500000.0,120.0,567,59904,0.00946514423076923,0.0,40,59904,154,0.2716049382716049,0.0006677350427350427,0.0,9.46514423076923,0.0,0,80.187439445484,45.0,1.3728813559322033,1,4,1137.0,1242.75,1199.75,41.833333333333336
Scarlatti - K274.csv,500000.0,120.0,652,58368,0.011170504385964912,0.0,39,58368,276,0.4233128834355828,0.0006681743421052632,0.0,11.170504385964913,0.0,0,88.84768331630657,48.0,1.7340425531914894,1,4,253.0,393.99999999999983,482.1666666666665,471.83333333333303
Scarlatti - K291.csv,500000.0,120.0,700,84480,0.008285984848484848,0.0,42,84480,147,0.21,0.0004971590909090909,0.0,8.285984848484848,0.0,0,101.65711290180849,48.0,1.2681159420289856,1,3,1437.0,920.3333333333334,1071.3333333333333,137.0
Scarlatti - K308.csv,500000.0,120.0,865,125952,0.0068676956300813006,0.0,38,125952,294,0.3398843930635838,0.00030170223577235774,0.0,6.867695630081301,0.0,0,164.96373406123783,48.0,1.5309734513274336,1,4,584.0,1694.0,1733.1666666666667,175.83333333333317
Scarlatti - K310.csv,500000.0,120.0,885,112128,0.007892765410958904,0.0,41,112128,172,0.1943502824858757,0.00036565353881278537,0.0,7.892765410958904,0.0,0,120.936426305117,50.0,1.241234221598878,1,2,1085.0,1455.5,1472.5,0.0
Scarlatti - K322.csv,500000.0,120.0,547,76800,0.007122395833333333,0.0,42,76800,125,0.22851919561243145,0.000546875,0.0,7.122395833333334,0.0,0,105.2482897096662,46.0,1.2962085308056872,1,3,1390.0,1186.3333333333335,1305.3333333333335,0.0
Scarlatti - K335.csv,500000.0,120.0,765,82944,0.009223090277777778,0.0,42,82944,159,0.20784313725490197,0.0005063657407407407,0.0,9.223090277777777,0.0,0,94.659814610076,48.0,1.2623762376237624,1,2,2138.0,1440.0,1484.0,27.0
Scarlatti - K374.csv,500000.0,120.0,856,89088,0.009608477011494252,0.0,44,89088,198,0.23130841121495327,0.0004938936781609196,0.0,9.608477011494253,0.0,0,92.84340921446471,48.0,1.3009118541033435,1,3,1701.0,1113.0,1075.3333333333335,71.33333333333334
Scarlatti - K389.csv,500000.0,120.0,628,64512,0.009734623015873016,0.0,34,64512,188,0.29936305732484075,0.0005270337301587301,0.0,9.734623015873016,0.0,0,92.32489461778519,55.0,1.4272727272727272,1,4,1351.0,1431.5,1589.8333333333335,160.33333333333334
Scarlatti - K391.csv,500000.0,120.0,523,58368,0.008960389254385965,0.0,34,58368,126,0.24091778202676864,0.0005825109649122807,0.0,8.960389254385964,0.0,0,123.47600648564264,55.0,1.3173803526448362,1,3,1100.0,960.5,944.8333333333333,73.33333333333331
Scarlatti - K415.csv,500000.0,120.0,461,49152,0.009379069010416666,0.0,36,49152,109,0.23644251626898047,0.000732421875,0.0,9.379069010416666,0.0,0,58.218721653852974,53.0,1.3171428571428572,1,3,858.0,1810.8333333333333,1842.3333333333333,23.5
Scarlatti - K431.csv,500000.0,120.0,379,35328,0.010728034420289856,0.0,32,35328,93,0.24538258575197888,0.0009057971014492754,0.0,10.728034420289854,0.0,0,55.15263758349985,55.0,1.3251748251748252,1,7,747.0,807.1904761904763,687.1904761904763,0.0
Scarlatti - K453.csv,500000.0,120.0,433,87552,0.0049456323099415205,0.0,35,87552,122,0.2817551963048499,0.0003997624269005848,0.0,4.94563230994152,0.0,0,182.28043286197286,46.0,1.392282958199357,1,3,649.0,505.16666666666674,613.1666666666667,138.99999999999994
Scarlatti - K472.csv,500000.0,120.0,608,66048,0.009205426356589148,0.0,38,66048,148,0.24342105263157895,0.0005753391472868218,0.0,9.205426356589147,0.0,0,65.5110206797552,52.0,1.3217391304347825,1,4,1607.0,1182.0,1145.5,2.5
Scarlatti - K073.csv,500000.0,120.0,1363,155136,0.008785839521452146,0.0,45,155136,662,0.4856933235509905,0.0002900680693069307,0.0,8.785839521452145,0.0,0,154.67614576395937,48.0,2.0192592592592593,1,6,1359.0,1747.6000000000001,1802.5500000000002,230.33333333333334
Scarlatti - K078.csv,500000.0,120.0,710,69120,0.010271990740740741,0.0,38,69120,362,0.5098591549295775,0.0005497685185185186,0.0,10.27199074074074,0.0,0,140.5632198051918,48.0,2.1646341463414633,1,6,223.0,583.2833333333334,647.5333333333333,683.2833333333333
Scarlatti - K088.csv,500000.0,120.0,2660,313344,0.0084890727124183,0.0,46,313344,1451,0.5454887218045112,0.00014680351307189542,0.0,8.4890727124183,0.0,0,179.39518338294386,48.0,2.2334172963895886,1,8,391.0,1892.6571428571428,1876.5916666666672,3034.972619047616
Scarlatti - K034.csv,500000.0,120.0,227,35328,0.006425498188405797,0.0,34,35328,71,0.31277533039647576,0.0009624094202898551,0.0,6.425498188405797,0.0,0,112.76727708306001,44.0,1.455128205128205,1,3,261.0,517.5,481.5,91.0
Bach - The Art of the Fugue BWV1080.csv,598535.3257942195,100.24470973435645,66008,1084170,0.060883440788806184,120122.36322178296,53,3235710,44875,0.6798418373530482,1.6379712644211008e-05,0.20069385722954278,20.399850419227928,0.4271730040828373,2,35.49284201510538,53.0,3.246987062816666,810,12,28429.0,39753.61666666664,42985.25,13354.83333333334
Beethoven - Sonata in Bflat Major Op.106.csv,541429.5348409634,110.8177447645594,1888,62130,0.030387896346370513,150870.74176787568,70,185768,453,0.2399364406779661,0.0003768140906937686,0.27865258922786995,10.163214331854787,0.1960497439648866,3,51.34447547295504,72.0,1.3811265544989026,725,4,8168.0,3585.166666666667,3786.833333333334,1573.166666666667
Chopin - Etude Op.10 No.11.csv,600000.0,100.0,3926,28352,0.13847347629796838,0.0,57,28352,227,0.05781966377992868,0.0020104401805869075,0.0,138.4734762979684,0.0,0,7.385266670006874,65.0,1.061367937280346,1,3,32831.0,660.5,700.0,19.5
Chopin - Op.53 Polonaise in A flat Heroic.csv,522807.71176805004,114.76494827723529,12356,88960,0.13889388489208634,64624.80738317177,74,176225,2194,0.17756555519585626,0.0004199177188253653,0.12361104461260003,70.11490991630019,0.0,0,12.435113282694033,75.0,1.2231241338348842,784,6,33356.0,10932.966666666667,11349.899999999994,3757.2999999999975
Debussy - Mouvement from Imafesl.csv,1500000.0,40.0,3431,31188,0.11001026035654739,0.0,68,31188,1126,0.3281842028563101,0.0021803257663203794,0.0,110.01026035654739,0.0,0,8.120086140337104,74.0,1.5789231477220433,1,8,5597.0,3926.611904761904,3510.216666666667,884.1285714285711
Ravel - Jeux dEau.csv,600000.0,100.0,3941,133433,0.02953542227185179,0.0,74,133433,172,0.04364374524232428,0.0005545854473780849,0.0,29.535422271851793,0.0,0,40.13913945816136,85.0,1.0459129511677283,1,5,28815.0,1267.5666666666666,1227.4333333333332,31.0
Scarlatti - K120.csv,500000.0,120.0,1462,130560,0.011197916666666667,0.0,44,130560,703,0.48084815321477425,0.0003370098039215686,0.0,11.197916666666666,0.0,0,89.06225917206672,50.0,1.9262187088274045,1,5,578.0,1453.7,1436.716666666667,1705.5833333333328
Scarlatti - K140.csv,500000.0,120.0,1153,104448,0.011038985906862746,0.0,45,104448,528,0.45793581960104074,0.0004308363970588235,0.0,11.038985906862745,0.0,0,127.0379842223328,53.0,1.8536977491961415,1,5,520.0,966.083333333333,880.5833333333335,1431.166666666667
Scarlatti - K299.csv,500000.0,120.0,1085,84480,0.012843276515151516,0.0,47,84480,591,0.5447004608294931,0.000556344696969697,0.0,12.843276515151514,0.0,0,87.4894348561177,50.0,2.1963562753036436,1,5,122.0,1622.5666666666668,1515.7333333333336,1813.3333333333328
Schubert - Fantasie D760 3mov Wanderer.csv,477970.7405681314,125.53069656247592,7360,253440,0.02904040404040404,59475.41139055759,73,759520,4800,0.6521739130434783,9.611333473772909e-05,0.12443316366994181,9.69033073520118,0.4576080853453116,1,75.56440040513199,73.0,4.132509825940483,1207,14,1559.0,3467.9190476190474,4022.6142857142845,2959.6380952380955
Schubert - Fantasie D760 4mov Wanderer.csv,416934.67999075784,143.90743413651754,7228,236160,0.030606368563685638,31585.673591118615,72,706747,4890,0.676535694521306,0.00010187521135569023,0.07575688736619073,10.227139273318459,0.4811320754716981,0,72.60742669387497,72.0,3.788259958071279,986,12,792.0,3783.216666666665,4213.966666666666,4323.752380952373
Schumann - Abegg Variations op1.csv,458199.16869177803,130.94742221228444,11234,393000,0.0285852417302799,165806.3453351703,73,1179000,6264,0.5575930211856863,6.191687871077184e-05,0.36186522513467306,9.528413910093299,0.3389046027256364,3,71.25482584988195,72.0,2.888660323990743,2736,11,3123.0,10808.316666666666,10994.26666666667,3659.3333333333353
Prokofiev - Tocccata for Piano.csv,428571.0,140.00014000014,4688,86782,0.05402041898089466,0.0,82,173564,2821,0.6017491467576792,0.00047244820354451386,0.0,27.01020949044733,0.2617124394184168,0,23.419802607007334,92.0,2.524501884760366,1,6,89.0,2285.1666666666665,2180.166666666666,6228.933333333336
Ravel - Alborada del Gracioso.csv,488475.6566906767,122.83109542548713,4390,381620,0.011503589958597557,156782.49972271133,78,763220,1066,0.2428246013667426,0.00010219857970178979,0.3209627697414461,5.751945703728937,0.0,9,160.3657863251314,84.0,1.458471760797342,605,10,12844.0,5243.390476190472,4902.8452380952385,3102.5722222222225
Schumann - Schuman Toccata op7.csv,526171.4842180382,114.03126509063505,8587,782856,0.010968811633301654,67002.8120843448,74,3131424,2669,0.31081867939909164,2.3631421359739212e-05,0.1273402571101321,2.742202908325414,0.7950016886187099,0,129.85183264753945,77.0,2.900033772374198,49,8,1470.0,1764.5595238095236,963.8333333333336,10557.163095238086
