difficulty,average_tempo,average_bpm,note_count,tick_count,note_density,tempo_deviation,unique_note_count,total_duration,overlapping_notes,chord_density,duration_per_note,tempo_complexity,notes_per_second,hand_independence,odd_time_signature_count,consecutive_note_std,pitch_range,average_polyphony,tempo_change_count,max_polyphony,note_to_note_transition,note_to_chord_transition,chord_to_note_transition,chord_to_chord_transition
4,413197.9215475551,145.2088620757851,3656,155036,0.0235816197528316,97297.9852655902,65,155036,283,0.0774070021881838,0.0004192574627828,0.2354754953780476,23.5816197528316,0.0,1,43.31304720634012,67.0,1.0845446455057846,20,4,41703.0,2585.333333333333,2913.833333333333,405.3333333333333
5,600000.0,100.0,3926,28352,0.1384734762979683,0.0,57,28352,227,0.0578196637799286,0.0020104401805869,0.0,138.4734762979684,0.0,0,7.385266670006874,65.0,1.061367937280346,1,3,32831.0,660.5,700.0,19.5
5,600000.0,100.0,3926,28352,0.1384734762979683,0.0,57,28352,227,0.0578196637799286,0.0020104401805869,0.0,138.4734762979684,0.0,0,7.385266670006874,65.0,1.061367937280346,1,3,32831.0,660.5,700.0,19.5
5,350818.28081961704,171.02871566390996,2674,151680,0.0176292194092827,11112.029407455788,73,452520,1347,0.5037397157816006,0.0001613188367364,0.0316746019662793,5.909131088128702,0.0892282958199356,0,70.80610358240502,77.0,2.14951768488746,134,6,5601.0,1266.666666666667,1291.6666666666667,0.0
5,441740.06484375,135.82648434033914,3570,22816,0.156469144460028,7352.818211203474,63,43392,1541,0.4316526610644258,0.0014518805309734,0.0166451241270231,82.27323008849557,0.0,0,15.33032114917632,71.0,1.7673267326732671,71,4,253.0,3325.166666666666,3297.833333333333,3688.833333333333
5,410981.24202516826,145.99206451452991,2916,24952,0.1168643796088489,21411.56094464654,60,48828,511,0.1752400548696845,0.001228803145736,0.0520986331131271,59.719832882772174,0.0,0,16.34639720964936,68.0,1.214493960849646,345,6,2985.0,3097.3166666666666,2607.4000000000005,690.5833333333334
4,400000.0,150.0,3768,245760,0.01533203125,0.0,65,245760,239,0.0634288747346072,0.0002644856770833,0.0,15.33203125,0.0,0,141.6683876215184,67.0,1.0683300255174368,1,4,17341.0,1535.8333333333337,1685.6666666666667,247.8333333333333
5,479324.2296296296,125.17622997352244,4408,38879,0.113377401682142,6904.817785322133,67,76321,1021,0.2316243194192377,0.0008778710970768,0.0144053176503458,57.756056655442144,0.0,0,11.40469585703772,75.0,1.301446708001181,8,6,9502.0,3495.416666666667,3546.633333333333,517.5500000000001
4,538210.6628257887,111.48051152494754,3262,81600,0.0399754901960784,66148.96700221895,53,244800,2048,0.627835683629675,0.0002165032679738,0.1229053446375707,13.32516339869281,0.2719780219780219,0,42.80139726218347,74.0,2.9871794871794872,200,12,3314.0,4197.228571428572,4285.466666666666,213.2952380952381
3,574673.030683403,104.40719643420157,1896,40102,0.0472794374345419,22517.37943662654,47,70332,280,0.1476793248945147,0.0006682591139168,0.0391829409670552,26.957857020986182,0.0,0,29.214757559723427,48.0,1.175449473031618,20,5,1775.0,794.5,801.4333333333332,176.5
5,342729.1878641752,175.06533474405518,4606,47410,0.097152499472685,10667.813117508096,71,93546,776,0.1684759009986973,0.0007589848844418,0.0311260712400596,49.237808137173154,0.0,0,10.86299117373208,76.0,1.203239289446186,49,3,16915.0,480.5,444.5,479.0
4,675581.9109809663,88.81232464154954,2468,24799,0.0995201419412073,95859.71090737006,64,48199,205,0.083063209076175,0.0013278283781821,0.1418920627525073,51.204381833648,0.0,0,10.06700041751836,70.0,1.0930026572187777,666,3,15251.0,1186.8333333333333,1127.0,166.16666666666669
5,533652.1411018629,112.43279166108934,4462,29255,0.1525209365920355,108307.50028923656,63,57857,1826,0.4092335275661138,0.00108889157751,0.2029552435892184,77.1211780769829,0.0,0,11.89715224654658,69.0,1.7168141592920354,282,5,3048.0,1268.8333333333333,2594.666666666667,4992.0000000000055
5,849777.6448368351,70.60670560652433,3968,20987,0.1890694239290989,71457.36716556863,57,41630,396,0.0997983870967741,0.0013692049003122,0.0840894881146103,95.3158779726159,0.0,1,9.503110130920174,65.0,1.1117960212944802,182,3,31482.0,956.5,1435.5,104.0
4,424243.6695099819,141.42815629824804,4176,160320,0.0260479041916167,63823.407621003134,64,480674,860,0.2059386973180076,0.0001331463736336,0.1504404478085004,8.687800879598232,0.0200381679389312,0,51.425144681192776,68.0,1.3282442748091603,982,10,7025.0,4954.183333333333,4841.816666666666,79.43333333333334
4,460743.8541214131,130.22420041698282,6092,268187,0.0227154932938583,156115.5476552938,60,797147,3068,0.5036112934996717,7.52684260243092e-05,0.3388337061011669,7.642254189001526,0.1842818428184282,0,80.08904603942942,69.0,2.3584978706929927,2142,7,25422.0,4404.4,4848.066666666667,96.33333333333334
4,586641.4593854579,102.27712180938182,4868,66423,0.0732878671544495,3714.2852153114136,59,83992,387,0.0794987674609696,0.0007024478521763,0.0063314400233531,57.95790075245261,0.0,0,17.21439790027399,74.0,1.087335269153451,6,4,20653.0,1533.0000000000002,1646.3333333333333,167.0
3,338737.36573311366,177.12837752677436,1574,23249,0.0677018366381349,9451.31598611868,44,46289,294,0.1867852604828462,0.0009505498066495,0.0279016044352344,34.003758992417204,0.0,1,21.284453402906628,55.0,1.2306489444878812,16,5,4210.0,824.5333333333333,893.15,151.78333333333327
3,323289.6572171652,185.5920802306888,3360,48976,0.0686050310356092,42606.56345374177,55,97576,559,0.1663690476190476,0.0005636631958678,0.1317906790476796,34.43469705665328,0.0,1,21.217593732100376,66.0,1.2008577555396711,122,5,9969.0,2367.4166666666665,2235.3166666666666,450.4
2,384260.90095238097,156.14391121056426,1416,20879,0.0678193400067053,18367.1673954504,35,41399,283,0.1998587570621469,0.0008454310490591,0.0477986892497462,34.203724727650425,0.0,1,26.19637132891357,45.0,1.2497793468667255,25,7,3194.0,979.5,1015.55,226.38333333333333
2,389538.4172259508,154.0284535406867,1546,23401,0.0660655527541558,14060.007442256236,32,44279,231,0.149417852522639,0.0007226902143228,0.0360940200516879,34.91497097947108,0.0,1,21.61360357622669,48.0,1.1765601217656012,14,5,5491.0,870.3666666666664,818.3333333333333,68.06666666666666
2,431313.7230580289,139.1098794042489,2458,151200,0.0162566137566137,29733.06958717202,33,450720,1379,0.5610252237591538,7.321618743343983e-05,0.068936062076494,5.453496627618033,0.3797780517879161,1,117.0939018566902,47.0,3.030826140567201,592,8,578.0,3065.816666666667,3279.583333333336,223.83333333333348
2,437703.1279382136,137.0792123022471,2414,174240,0.0138544536271809,28127.10630280901,39,521760,1563,0.6474730737365368,7.474701011959522e-05,0.0642606929388438,4.626648267402637,0.5730897009966778,1,149.10655550632768,57.0,4.009966777408638,391,9,525.0,1439.25,1239.500000000001,583.7499999999999
4,455295.1051340128,131.78265991315553,2048,297208,0.0068907970175769,30350.933979949383,66,515960,470,0.2294921875,0.0001279168927823,0.066662113512105,3.969299945732227,0.0,0,190.54964001348657,71.0,1.3044585987261146,10,5,9984.0,1597.2499999999998,1552.2666666666669,455.86666666666673
2,1146708.7541316324,52.32366089804221,2596,10506,0.2470968970112316,536304.1288876588,59,41880,1346,0.5184899845916795,0.0014087870105062,0.4676899229689631,61.98662846227316,0.3657314629258517,0,8.002516157255943,67.0,2.6012024048096194,536,8,413.0,1435.9000000000003,1415.383333333334,1047.2
4,782430.6422043378,76.6841132793091,4860,25408,0.1912783375314861,520716.3796221717,61,101632,2135,0.4393004115226337,0.0006002046599496,0.6655112306889722,47.81958438287153,0.2599508599508599,2,7.994643101322119,64.0,2.388206388206388,1475,6,6573.0,4406.2,3598.733333333333,651.1666666666666
4,703943.4484155349,85.23411949503968,2912,19680,0.1479674796747967,363802.5469473188,61,78528,1381,0.4742445054945055,0.000776792991035,0.5168064959851258,37.08231458842705,0.3100436681222707,0,11.852083639061684,67.0,2.543231441048035,793,12,1617.0,1985.499999999999,1656.8499999999992,602.6499999999999
4,1066470.6656096857,56.260337892837285,2302,10008,0.2300159872102318,471248.4724233996,59,40032,975,0.4235447437011294,0.0014738209432454,0.4418766381670645,57.50399680255796,0.2290708371665133,0,7.624594801895374,74.0,2.1177552897884087,709,6,2451.0,1998.8333333333337,1498.416666666667,320.5833333333333
2,424772.94641407306,141.25193354830884,2188,22176,0.0986652236652236,197758.9451751873,54,66432,1129,0.5159963436928702,0.0008128612716763,0.4655638897078202,32.9359344894027,0.4385245901639344,1,20.45305695693937,65.0,2.989071038251366,425,11,893.0,1530.4166666666663,1677.216666666667,307.93333333333334
4,743516.8044288079,80.69757084521285,3266,178800,0.0182662192393736,421373.39361420873,58,531600,1772,0.5425597060624617,0.0001091045899172,0.5667301547245062,6.143717080511663,0.2445980985306828,2,97.16592200675848,63.0,2.822817631806396,1322,11,4997.0,2670.683333333333,2689.4166666666647,239.46666666666667
4,1277715.906611879,46.95879552685705,3662,113760,0.0321905766526019,222156.5904448116,65,339667,2077,0.5671764063353358,0.0001913638946379,0.1738700984273605,10.78114741791225,0.3524264120922832,0,53.58302491559713,69.0,2.913285600636436,1419,8,3560.0,3481.916666666667,2831.5833333333344,1305.916666666667
3,1057205.71874114,56.75338199214867,2562,14264,0.1796130117779024,650156.4949583315,58,56864,1193,0.4656518345042935,0.0010199774901519,0.6149763318841112,45.05486775464266,0.3265306122448979,0,10.26907516404067,66.0,2.489795918367347,658,9,1381.0,2324.416666666667,1781.166666666667,423.5833333333332
4,921000.873178808,65.1465180406526,7562,216000,0.0350092592592592,215640.1645836229,69,643200,4881,0.6454641629198624,0.0001072761194029,0.234136764538938,11.7568407960199,0.4221218961625282,0,75.97264688608735,71.0,3.413995485327314,1138,16,3716.0,3700.366666666666,3694.621428571428,3260.0797619047617
4,458171.4006541292,130.955358440833,9330,362880,0.0257109788359788,81060.86851930944,68,1084800,6302,0.6754555198285102,6.268436578171091e-05,0.1769225848745234,8.600663716814159,0.4705372616984402,0,89.16190647958761,68.0,4.042461005199307,1239,16,1820.0,4331.374999999998,4583.1166666666695,4490.820238095232
5,477970.7405681314,125.53069656247592,7360,253440,0.029040404040404,59475.41139055759,73,759520,4800,0.6521739130434783,9.611333473772908e-05,0.1244331636699418,9.69033073520118,0.4576080853453116,1,75.56440040513199,73.0,4.132509825940483,1207,14,1559.0,3467.9190476190474,4022.614285714285,2959.6380952380955
5,477970.7405681314,125.53069656247592,7360,253440,0.029040404040404,59475.41139055759,73,759520,4800,0.6521739130434783,9.611333473772908e-05,0.1244331636699418,9.69033073520118,0.4576080853453116,1,75.56440040513199,73.0,4.132509825940483,1207,14,1559.0,3467.9190476190474,4022.614285714285,2959.6380952380955
5,416934.6799907578,143.90743413651754,7228,236160,0.0306063685636856,31585.67359111861,72,706747,4890,0.676535694521306,0.0001018752113556,0.0757568873661907,10.22713927331846,0.4811320754716981,0,72.60742669387497,72.0,3.788259958071279,986,12,792.0,3783.216666666665,4213.966666666666,4323.752380952373
5,416934.6799907578,143.90743413651754,7228,236160,0.0306063685636856,31585.67359111861,72,706747,4890,0.676535694521306,0.0001018752113556,0.0757568873661907,10.22713927331846,0.4811320754716981,0,72.60742669387497,72.0,3.788259958071279,986,12,792.0,3783.216666666665,4213.966666666666,4323.752380952373
3,544499.2820001733,110.19298277050969,9946,98520,0.1009541209906618,55344.08528782945,61,418500,6477,0.6512165694751659,0.0001457586618876,0.1016421639428568,23.765830346475507,0.3173913043478261,0,24.464630862792035,63.0,4.324347826086957,1189,12,2684.0,3918.404761904762,4369.054761904762,4570.816666666665
3,319051.3645340187,188.0574937757476,6286,408000,0.015406862745098,26289.705583204875,70,1224000,3850,0.6124721603563474,5.718954248366013e-05,0.0823996024013298,5.13562091503268,0.2991533396048918,1,105.3551585887472,71.0,2.956726246472248,720,11,2599.0,4405.6833333333325,4950.73333333333,578.4833333333337
3,478523.1655125594,125.3857792563341,5224,83760,0.0623686723973256,41825.11828355488,49,330480,2810,0.5379019908116386,0.0001482691842168,0.0874045841411979,15.807310578552409,0.1577704298535663,0,23.251878199780915,50.0,2.467642890883325,1617,10,6531.0,1914.4166666666663,1645.9166666666663,196.66666666666663
3,434334.9877106199,138.1422213215197,11432,117480,0.0973101804562478,34775.59025726205,62,352440,7789,0.681333100069979,0.0001759164680512,0.0800662880984196,32.43672681874929,0.4487463126843657,1,20.972978621278795,65.0,4.215339233038348,791,12,5368.0,2565.2000000000007,5172.333333333333,628.6999999999995
3,502721.286788089,119.35042652230412,12510,134640,0.0929144385026738,17977.794042224687,67,671040,8164,0.6525979216626698,9.984501669051024e-05,0.0357609564478275,18.642703862660944,0.5100525827404887,2,27.19016454920904,69.0,3.8694710794927314,41,14,981.0,4681.983333333333,5444.978571428567,4479.423809523804
3,851289.2078528682,70.4813351872893,6170,54240,0.1137536873156342,66904.3027711152,67,270000,3982,0.6453808752025932,0.0002481481481481,0.0785917431513809,22.85185185185185,0.3157894736842105,0,17.408856284705603,66.0,3.568536726431464,45,10,710.0,1713.3166666666666,1804.5166666666664,6583.466666666667
3,456142.001484781,131.53798554988336,5990,73620,0.0813637598478674,11817.594107643834,52,367320,3914,0.6534223706176961,0.0001415659370576,0.025907708716094,16.307306980289667,0.5189873417721519,16,33.89184845837235,60.0,3.6106088004822174,29,11,649.0,2747.7523809523805,2457.533333333332,1161.4976190476195
2,515369.7800416256,116.42126163306256,7894,99600,0.0792570281124497,39398.21605736589,64,496980,4000,0.5067139599695971,0.0001287778180208,0.076446500324842,15.883938991508712,0.329605467536502,6,28.448829269575256,63.0,2.4523143833488663,100,12,3574.0,6533.933333333336,5317.933333333329,1483.4999999999998
2,1057739.461207823,56.72474385278824,4210,30240,0.1392195767195767,123501.4969838973,61,150060,2412,0.5729216152019002,0.0004065040650406,0.1167598463641245,28.05544448887112,0.3016905071521456,1,14.45900383307036,63.0,2.7373211963589075,43,12,922.0,1658.833333333333,1757.933333333333,1602.4833333333345
3,334547.08226068947,179.34695348275713,5680,107040,0.0530642750373692,7558.491663782421,49,523920,3418,0.6017605633802817,9.352572911894946e-05,0.0225932075470698,10.841349824400671,0.6099939061547837,10,42.60042630981522,53.0,3.461304082876295,37,12,698.0,2068.3500000000004,2081.8166666666666,1830.233333333332
2,439552.4359139094,136.50248547764068,5546,79620,0.0696558653604622,20376.096440780915,54,396780,3352,0.6043995672556798,0.0001360955693331,0.0463564634749783,13.977519028176824,0.5398773006134969,6,30.52124389558961,55.0,3.0931399888455102,45,12,338.0,1642.6999999999998,1656.7666666666669,2402.2333333333354
4,417733.8960369164,143.63210783042996,10322,190080,0.0543034511784511,9301.571744907797,64,948900,7468,0.7235031970548343,6.744651701970703e-05,0.0222667392642846,10.877858573084623,0.6599029554477283,0,54.02785120208126,65.0,4.553153947948831,17,16,812.0,1287.5250000000003,1264.3833333333337,7194.098809523816
3,563056.5313601127,106.56123614278074,2576,32760,0.0786324786324786,24269.289657383662,64,162300,1483,0.5756987577639752,0.0003943314849044,0.0431027584366334,15.871842267406038,0.2729188619599578,1,32.91260965758996,69.0,2.714436248682824,35,13,1661.0,1331.1166666666668,1302.2333333333336,1201.2380952380954
4,325507.73902537255,184.3274147018764,6820,98040,0.069563443492452,19473.45854188536,69,488760,3832,0.5618768328445748,0.0001411735821261,0.0598248711388316,13.953678697111055,0.4904027098231088,5,28.975019639321665,75.0,2.566804666917576,46,16,2015.0,3009.9999999999995,2516.3166666666666,1448.0333333333338
3,317786.6029000699,188.8059454125805,10922,193080,0.0565672260203024,18763.828824446296,69,924120,7407,0.6781724958798755,7.46656278405402e-05,0.0590453740126568,11.818811409773623,0.5815199196518246,5,44.78180402235854,68.0,3.6565115500502174,43,16,2116.0,4825.683333333336,4726.9000000000015,3329.469047619049
4,1269252.9895378647,47.27189968789912,13486,55260,0.2440463264567499,61681.24415884839,71,275700,8372,0.6207919323743141,0.0002575262966993,0.0485964931083649,48.91548784911136,0.4851973684210526,24,9.784141849251585,71.0,3.168703007518797,67,12,1983.0,6782.340476190475,6964.173809523806,4497.48571428572
2,302140.9198774081,198.58283354781813,8672,169800,0.0510718492343934,46673.38565437677,62,848280,6196,0.7144833948339483,7.308907436223888e-05,0.1544755529086038,10.22303956240864,0.5988088792636708,25,52.35341948614904,62.0,4.695181375203032,30,12,288.0,2271.9500000000007,2477.2000000000003,4244.616666666664
4,265195.6899408284,226.24802089878403,7790,126720,0.0614741161616161,47527.05232311927,70,627360,4976,0.6387676508344031,0.0001115786789084,0.1792150254543115,12.4171129813823,0.4772243507875692,0,30.11916423369634,74.0,3.316304810557684,11,14,976.0,8034.504761904765,8043.600000000002,1258.3333333333337
4,353773.4118385538,169.600082968873,15052,173760,0.0866252302025782,13828.012561583912,69,857760,8288,0.5506245017273452,8.044208170117515e-05,0.0390872012956541,17.5480320835665,0.498723268432812,0,23.36322266252313,71.0,2.4021704436642195,2,12,2733.0,7168.116666666665,7628.399999999996,6304.17857142857
4,849366.6002925581,70.6408751878558,10236,75420,0.135719968178202,76856.61276714817,67,375780,7434,0.7262602579132473,0.0001782958113789,0.0904869731640913,27.23934216828996,0.5677725118483412,10,21.52774778772876,68.0,4.851184834123223,45,16,820.0,3721.066666666664,4254.499999999996,3973.780952380956
3,353545.7211011819,169.70930892083544,12916,170910,0.0755719384471359,26794.72903928891,59,850710,9222,0.7139981418395788,6.935383385642581e-05,0.0757885824663127,15.182612171010096,0.6105435226808337,30,39.4806177019022,60.0,5.278299959133633,55,16,561.0,3956.364285714282,4013.547619047618,3141.2738095238096
4,474706.5157527914,126.39388339730658,11970,111360,0.107489224137931,49192.23801680045,65,551520,6798,0.5679197994987468,0.0001178561067595,0.1036266332658004,21.703655352480418,0.4036516160868492,0,18.39226723840102,69.0,2.953367875647668,18,13,1810.0,10125.116666666669,10245.633333333337,1700.311904761905
4,689781.3148148148,86.98409004614479,15568,171360,0.0908496732026143,145931.54748456588,71,513365,10101,0.6488309352517986,0.0001383031566234,0.2115620477828455,30.325402004421804,0.4899074852817494,0,31.02739049739378,72.0,3.2733389402859547,3554,12,1845.0,6490.216666666669,6661.250000000003,5266.685714285718
4,1609789.7243760482,37.271948684637,6678,36480,0.1830592105263158,275534.82298316783,65,109255,4170,0.6244384546271339,0.000594938446753,0.1711619963843195,61.12306072948607,0.4594315245478036,1,12.095638165246744,65.0,3.4511627906976745,2880,10,1094.0,3377.649999999999,3527.616666666666,2885.94285714286
2,427913.8135184068,140.21515105265254,5458,77392,0.0705240851767624,102795.1227676824,53,231892,3775,0.6916452913155002,0.0002285546720024,0.2402238944391092,23.53681886395391,0.599388379204893,1,34.97360589539788,60.0,4.172782874617737,2389,12,877.0,1210.7499999999998,1506.15,1271.2976190476195
4,391550.3359393509,153.23700299236543,12930,197760,0.065382281553398,94080.48845309897,64,592770,7187,0.5558391337973705,0.0001079676771766,0.2402768681768454,21.81284477959411,0.3652869972666927,0,27.53121873979179,68.0,2.5244045294806714,2644,10,2899.0,8449.483333333337,8068.866666666676,5717.416666666673
4,543505.9284026464,110.39438001410372,13238,133920,0.0988500597371565,129828.94777150558,70,401170,7915,0.5978999848919776,0.0001744896178677,0.2388731032853135,32.99847944761572,0.3669467787114845,1,20.507998611254298,71.0,2.852402499461323,2647,11,2333.0,10785.266666666672,10962.05000000001,4423.178571428572
4,1935476.8333756344,31.000112719176776,5574,27960,0.1993562231759656,584557.0395318114,61,83610,3507,0.6291711517761034,0.0007295778016983,0.3020222352712404,66.66666666666667,0.2102236421725239,0,12.472276367170004,63.0,3.561661341853035,1823,14,1421.0,1388.5166666666669,1412.2833333333333,1619.740476190476
2,321243.05140673846,186.7744679215852,1739,138420,0.0125632134084669,84796.51291311988,55,415130,584,0.3358251868890167,0.0001324886180232,0.2639637263492298,4.189049213499386,0.4873035066505441,1,122.23883433602364,62.0,2.1027811366384523,1673,6,359.0,3176.2833333333338,3187.15,1057.1333333333328
4,241823.1102129113,248.11524401937208,7356,519840,0.0141505078485687,43822.74372959794,72,1555460,2564,0.3485589994562262,4.628855772568886e-05,0.18121817923446,4.729147647641212,0.5463143254520166,0,95.95501951600822,72.0,2.046175243393602,1830,8,2210.0,10806.800000000014,10200.166666666675,5566.700000000004
4,521704.3280190752,115.00767154418968,8078,464640,0.0173855027548209,153950.71279822502,68,1392740,2948,0.3649418172815053,4.882461909617014e-05,0.295091883524869,5.80007754498327,0.2961928934010152,0,85.41054894530527,71.0,2.050253807106599,2838,8,4278.0,8179.850000000004,9056.214285714294,4522.43333333333
4,1329039.4409983484,45.14538707363656,2218,72720,0.0305005500550055,461689.82536589366,70,217800,564,0.254283137962128,0.0003213957759412,0.3473860979017156,10.183654729109271,0.3664688427299703,1,43.53856126981316,70.0,1.64540059347181,526,8,4302.0,3409.2833333333333,3153.8166666666675,1347.2333333333338
3,340366.1955802411,176.28072581566062,2924,214020,0.01366227455378,167263.9523875889,63,640920,1043,0.356703146374829,9.82961992136304e-05,0.4914235154946712,4.562191849216752,0.2887700534759358,1,98.79103959860936,68.0,1.9545454545454544,2079,5,1499.0,5463.766666666665,5358.433333333331,1804.8666666666663
4,462942.9992091014,129.60558881440022,6875,382080,0.0179936139028475,121609.70356893874,70,1144560,1538,0.2237090909090909,6.115887327881456e-05,0.2626882872766162,6.006675054169288,0.2941579187585577,0,59.47268298523775,71.0,1.5689183021451392,1551,8,11407.0,12273.96666666664,13004.849999999986,1498.55
4,681946.3052421549,87.98346664360089,21468,926907,0.0231608996371804,78717.295715625,70,2773947,12663,0.589854667411962,2.523480080909981e-05,0.1154303426978359,7.739152910996497,0.32205971968312,0,96.57902683243849,72.0,3.270566727605119,3661,14,5596.0,10549.752380952392,10044.190476190495,3870.752380952377
3,1208661.2022491056,49.64170264450499,4582,200160,0.0228916866506794,106415.63261727346,59,596913,2308,0.50371017023134,9.884187477907166e-05,0.0880442198518929,7.676160512503497,0.2480127186009539,1,77.08894422468803,60.0,2.428192898781134,805,10,3883.0,3775.283333333333,3795.783333333333,592.3833333333333
2,485244.12405819696,123.64910160726438,6296,226080,0.0278485491861288,40499.57261476349,57,677640,3862,0.613405336721728,8.411545953603683e-05,0.0834622628215612,9.291069004191016,0.4510416666666667,1,63.62042209135226,65.0,3.279166666666667,846,8,1307.0,4646.849999999998,4627.78333333333,1290.4666666666672
4,447348.1305650102,134.1237302684572,11158,517440,0.0215638528138528,27700.775943844,70,1551440,6244,0.5595984943538268,4.511937296962822e-05,0.0619221900153183,7.192028051358737,0.4378772635814889,0,85.27948359474449,72.0,2.806338028169014,2120,12,7800.0,9374.266666666666,8947.566666666666,5118.733333333333
3,637879.107842393,94.06171053782936,14576,425984,0.0342172475961538,85274.00794190746,72,5536688,4182,0.2869099890230516,1.3004164222365429e-05,0.1336836508572043,2.63262080146109,0.2930943595150237,2,103.4600488711352,71.0,1.9209277807063785,111,15,24774.0,17769.199927849946,20017.517857142844,14634.783008657942
3,808164.430472511,74.24231720383894,12854,45866,0.2802511664413727,202546.297177888,65,733486,4682,0.3642445931227633,8.861791499769593e-05,0.2506251073923965,17.524533528928977,0.2812773403324584,2,9.94811770832406,65.0,1.8743073782443864,110,18,21204.0,6360.936904761903,6878.199999999999,5737.625000000004
3,375000.0,160.0,396,1680,0.2357142857142857,0.0,29,23527,278,0.702020202020202,0.0012326263442002,0.0,16.831725251838314,0.6666666666666666,3,15.605726125805274,48.0,5.28,1,18,17.0,38.14285714285714,62.66666666666667,254.00000000000009
2,363827.8140101263,164.91317510521623,30826,441870,0.0697625998596872,5765.0610956336695,71,2208750,21774,0.7063517809641212,3.214487832484437e-05,0.015845575499275,13.95631013016412,0.422165820642978,268,30.34943929505235,71.0,3.7256466038191927,9,14,527.0,24877.83571428565,25730.33333333328,12037.128571428577
2,584405.4578890434,102.66844566566616,5298,220320,0.0240468409586056,42105.58244708272,51,659520,3627,0.6845979614949037,7.732896652110626e-05,0.0720485783948256,8.03311499272198,0.6401906274821286,1,104.29550948726552,64.0,4.208101667990468,536,12,1402.0,3082.55,2445.9833333333336,1414.8333333333337
2,814097.3525301205,73.70125920877513,3306,196584,0.0168172384324258,150333.48029985398,52,589704,2274,0.6878402903811253,8.817983259397935e-05,0.1846627799889471,5.6062024337633805,0.5963541666666666,1,163.29641888725774,58.0,4.3046875,648,12,945.0,983.7666666666668,1096.35,700.7833333333339
2,655921.562938506,91.47435210271496,2116,74880,0.028258547008547,69792.7643836537,38,224640,1377,0.6507561436672968,0.0001691595441595,0.1064041317242027,9.41951566951567,0.5538461538461539,0,65.13986611786532,45.0,3.617094017094017,184,10,19.0,991.3666666666666,943.45,856.8833333333339
2,725919.5419538508,82.65378810233823,5306,265920,0.0199533694344163,246077.8785116542,50,662880,3507,0.6609498680738787,7.542843350229302e-05,0.3389878137862532,8.004465363263336,0.7146050670640834,0,82.66997681655515,56.0,3.953800298062593,1201,14,1074.0,4579.499999999999,4530.866666666668,882.3666666666669
3,271458.08747697977,221.0285961919928,4648,243840,0.0190616797900262,9500.196058174562,52,668160,3368,0.7246127366609294,7.78256704980843e-05,0.0349969166381171,6.956417624521073,0.9111111111111112,0,110.7690575403351,63.0,5.738271604938272,426,12,0.0,491.66666666666674,530.6666666666667,1002.1333333333332
2,481729.4276783789,124.55124506128011,3976,309120,0.0128623188405797,36531.309940051,54,917280,3053,0.7678571428571429,5.886970172684458e-05,0.0758336689458811,4.334554334554334,0.6527272727272727,1,239.77575150793584,57.0,7.229090909090909,513,14,122.0,663.0333333333333,669.9333333333333,793.3452380952383
3,412404.2120420439,145.48832976973355,7332,1047240,0.0070012604560559,243963.899219478,59,5204040,1978,0.2697763229678123,1.133734560072559e-05,0.5915650036925577,1.40890538889017,0.3573091247672253,2,190.4320632561532,58.0,1.7067039106145252,1089,7,7530.0,9696.042857142873,10434.792857142867,2558.088095238096
4,642453.579725812,93.39196152600934,9340,1004640,0.0092968625577321,474586.58141133736,62,5015940,2375,0.2542826552462526,1.2360594424973186e-05,0.7387095291987986,1.862063740794348,0.3153409090909091,1,140.4386122987273,64.0,1.658380681818182,1300,7,8784.0,10200.828571428565,10396.928571428569,2645.507142857148
4,535688.611158203,112.00536795112193,11915,1438440,0.0082832791079224,428705.6738824103,63,7121160,3616,0.3034830046160302,8.846873262221324e-06,0.8002889457655507,1.6731824590375726,0.3877490336009515,1,168.9144675098042,63.0,1.771483794231341,1485,9,10616.0,13259.990476190464,13665.713095238085,10116.541666666635
4,374784.10594076966,160.0921678612548,12248,1593600,0.0076857429718875,115414.11843907836,63,7967040,3386,0.2764532984977139,7.907579226412821e-06,0.3079482737117946,1.5373338153191147,0.4196775156763213,3,203.67453392265853,64.0,1.8286055538966857,1412,7,9417.0,12387.77857142857,12965.678571428572,9590.323809523814
3,486747.1090204056,123.26729607239363,7229,1112160,0.0064999640339519,308515.1203007828,63,5543640,2122,0.2935399087010651,1.1364374310020132e-05,0.6338304112821123,1.3040168553513576,0.3704694721478959,1,229.43834021790693,63.0,1.7584529311603017,1083,11,9343.0,9127.24761904762,8770.101298701298,3144.3415584415543
3,420494.7367256637,142.68906304799907,7171,685800,0.0104564012831729,106488.1000931531,59,3345720,2302,0.3210152001115604,1.763447030833423e-05,0.253244787134226,2.143335365780759,0.4104365278474661,1,161.10299149688453,60.0,1.7990466633216258,744,8,11360.0,7635.609523809524,7849.750000000003,5604.140476190472
4,607438.7930157146,98.77538393970796,9201,1091274,0.0084314296867697,385650.09278328967,66,5217054,2561,0.2783393109444625,1.2650817875375645e-05,0.6348789330175572,1.7636390192625953,0.4106280193236715,1,183.39279991373792,67.0,1.7779710144927536,1298,9,8077.0,12629.388095238108,12791.39047619049,5360.792857142854
4,442885.1007254232,135.47531832008588,5890,416304,0.0141483146931088,668738.6172523197,61,1656768,2591,0.4398981324278438,3.681867346544598e-05,1.5099596174198682,3.555114536253718,0.4634065202927478,2,90.31398321059596,60.0,1.959414504324684,191,8,6114.0,7529.183333333332,7509.421428571427,3433.42857142857
4,442885.1007254232,135.47531832008588,5890,416304,0.0141483146931088,668738.6172523197,61,1656768,2591,0.4398981324278438,3.681867346544598e-05,1.5099596174198682,3.555114536253718,0.4634065202927478,2,90.31398321059596,60.0,1.959414504324684,191,8,6114.0,7529.183333333332,7509.421428571427,3433.42857142857
2,369672.52636702906,162.30581317376303,5706,856560,0.0066615298402913,65009.06450218059,63,4239180,1581,0.2770767613038906,1.4861364697889686e-05,0.1758558179615338,1.3460150312088657,0.3800702650910252,1,238.1734861234095,62.0,1.8224209517725969,771,7,5323.0,7069.897619047618,7685.726190476192,2942.123809523812
3,667148.9480375898,89.93493908142888,6790,63149,0.1075234762229014,94801.92118469789,58,126149,1930,0.284241531664212,0.0004597737596017,0.1421000834424704,53.82523840854862,0.0,0,13.716741404109564,58.0,1.413111342351717,140,5,8615.0,4264.25,4435.116666666668,303.8
4,663776.232721344,90.39190775784864,12752,1053240,0.0121074019216892,338935.35963971313,62,6152520,3357,0.2632528230865746,1.007717163048637e-05,0.5106168960737701,2.072646655354229,0.3822604892715593,2,121.24533149234104,63.0,1.7427907612409457,1489,7,12431.0,16436.509523809502,16522.75952380954,5604.011904761925
4,513188.2247945814,116.9161666248612,16694,729840,0.0228735065219774,217552.8960316991,61,3630000,9915,0.5939259614232658,1.6804407713498624e-05,0.4239241773693872,4.598898071625344,0.5033980582524272,4,89.24416309003146,60.0,2.701294498381877,1070,14,6447.0,10839.490476190484,11173.433333333343,5753.385714285704
4,408372.2957104757,146.92475623404752,12239,1383600,0.0088457646718704,103969.63699828873,62,6918000,3605,0.2945502083503554,8.962127782596126e-06,0.2545952261952663,1.7691529343740966,0.3869764773379231,1,172.20303916939832,63.0,1.7554503729202524,1350,7,15569.0,16730.883333333335,17102.01666666666,8516.66666666667
4,641763.9054171653,93.49232559440726,7905,881280,0.0089699074074074,435382.95068309625,64,4405790,1772,0.2241619228336495,1.4526339203638849e-05,0.6784160763919632,1.7942298656994546,0.326490327674694,2,185.8519172054032,65.0,1.5604026845637584,1003,7,12780.0,10272.79523809524,9951.871428571429,4596.195238095238
4,357615.8419292735,167.7778022257368,8972,1268640,0.0070721402446714,109597.34465693448,62,6077280,2780,0.3098528756130183,1.0201932443461549e-05,0.3064666936052843,1.4763183529473711,0.4581557535838822,2,205.17894580357995,62.0,1.7380860131731888,1113,8,7458.0,9771.573809523832,9437.063095238103,4897.003571428572
2,685052.4570110444,87.58453368926854,3362,347040,0.0096876440756108,326395.4324338183,52,1718280,941,0.2798929208804283,3.026282096049537e-05,0.4764531958003855,1.956607770561259,0.544932079414838,0,122.87693949909826,58.0,1.7565308254963428,310,8,1803.0,3307.1333333333323,2987.183333333336,1627.750000000001
2,505882.8230571612,118.60454094370472,2937,409320,0.0071753151568455,104909.8328243276,43,2045775,560,0.1906707524685053,2.1018929256638683e-05,0.2073797093768363,1.4356417494592513,0.3630278063851699,1,137.84833579952368,57.0,1.512358393408857,270,6,3273.0,2891.866666666668,2515.200000000001,798.4000000000002
2,1652291.108704319,36.31321362435361,6664,206608,0.0322543173546038,88060.80677668074,55,619616,2684,0.4027611044417767,8.87646542374632e-05,0.0532961814735755,10.755048287971906,0.1829362029208301,0,60.00632477672076,58.0,1.7074045605944146,858,5,1103.0,3444.4333333333343,3504.1333333333337,2136.05
2,436265.25196850393,137.5310083241094,1139,70908,0.016063067636938,15148.34040920372,38,279900,550,0.4828797190517998,0.0001357627724187,0.0347227755152439,4.069310468024295,0.4156729131175468,1,75.26174238158303,53.0,1.940374787052811,4,5,414.0,1532.0166666666669,1605.4166666666667,1147.566666666667
2,545454.0,110.00011000011,604,7679,0.0786560750097669,0.0,25,15358,364,0.6026490066225165,0.0016278161218908,0.0,39.32803750488345,0.7142857142857143,0,22.45976637582537,45.0,2.53781512605042,1,5,42.0,146.66666666666663,193.3333333333333,274.0
2,463772.786407767,129.37369711737608,756,15359,0.0492219545543329,12156.231258043645,25,45838,373,0.4933862433862434,0.0005453990139185,0.0262116096811153,16.492866180897945,0.3060109289617486,0,37.2787576315017,41.0,2.065573770491804,12,7,208.0,820.5,714.9047619047619,225.47619047619048
2,501231.4553440703,119.7051768405337,1976,38639,0.0511400398561039,9792.972971981637,28,115678,937,0.4741902834008097,0.0002420512111205,0.0195378260234271,17.08189975621985,0.4,0,37.98278036860616,45.0,1.9372549019607843,22,4,166.0,1158.0000000000002,1199.0,524.6666666666665
1,1038660.7213114754,57.76669779544604,332,4799,0.0691810793915399,111031.40694363808,19,14278,138,0.4156626506024096,0.0013307185880375,0.1068986288452721,23.25255638044544,0.4791666666666667,0,25.70300944794108,31.0,1.7291666666666667,22,3,16.0,423.8333333333333,436.50000000000006,25.333333333333336
3,500000.0,120.0,3964,698880,0.0056719322344322,0.0,61,698880,166,0.0418768920282542,8.728250915750916e-05,0.0,5.6719322344322345,0.0,0,304.2623989930651,60.0,1.043982091124572,1,3,34720.0,1931.1666666666667,1781.3333333333333,65.5
2,500000.0,120.0,1675,247296,0.0067732595755693,0.0,54,247296,104,0.0620895522388059,0.0002183618012422,0.0,6.773259575569359,0.0,0,234.03498719369708,56.0,1.0675589547482474,1,5,9471.0,861.2333333333333,945.1666666666666,136.33333333333331
1,389610.0,154.000154000154,520,34512,0.0150672229949003,0.0,23,69024,107,0.2057692307692307,0.0003332174316179,0.0,7.533611497450162,0.2621359223300971,1,53.88783835806465,40.0,1.2621359223300972,1,2,212.0,311.0,505.0,122.0
1,500000.0,120.0,652,28962,0.0225122574407844,0.0,24,57924,208,0.3190184049079754,0.0004143360265175,0.0,11.25612872039224,0.4324324324324324,0,48.24988306598156,32.0,1.4684684684684686,1,3,96.0,307.0,369.0,84.99999999999997
1,574901.9162072768,104.36562882905304,450,34464,0.0130571030640668,20962.988477372764,30,103212,103,0.2288888888888889,0.0002906638762934,0.0364635912429533,4.359958144401814,0.2965116279069767,1,78.65922263637513,48.0,1.308139534883721,6,3,524.0,717.3333333333334,777.3333333333334,92.0
3,500000.0,120.0,2895,105752,0.0273753687873515,0.0,53,211504,709,0.2449050086355786,0.000250586277328,0.0,13.68768439367577,0.1280403854979348,0,30.797192198847505,57.0,1.3285910968334098,1,6,5388.0,3321.083333333333,3176.416666666666,362.6666666666667
2,413793.0,145.00003625000906,2641,143712,0.0183770318414606,0.0,55,184032,776,0.2938280954184021,0.0002988610676404,0.0,14.350765084333158,0.0,2,53.72678313353192,57.0,1.4191295002686728,1,6,3710.0,2759.9166666666656,3329.249999999999,894.9666666666666
3,500000.0,120.0,14747,601795,0.0245050224744306,0.0,57,601795,2656,0.1801044280192581,9.471663938716673e-05,0.0,24.505022474430664,0.0,1,62.18062108741153,57.0,1.2223972148541111,1,4,70476.0,22312.08333333333,24785.75,4250.0
2,441176.0,136.0001450668214,4960,477308,0.0103916129626991,0.0,55,954616,1929,0.3889112903225806,5.761478961173917e-05,0.0,5.195806481349569,0.3114645460569913,0,120.27745668504744,58.0,1.6434724983432738,1,6,4743.0,5835.333333333335,5901.166666666672,2367.1000000000004
2,1200000.0,50.0,1500,91904,0.0163213788300835,0.0,46,181888,551,0.3673333333333333,0.000252902885292,0.0,8.246833216045038,0.2611940298507462,1,80.78609068737175,56.0,1.5991471215351811,1,5,1311.0,2344.833333333332,2454.833333333333,509.5166666666668
3,698044.8534823498,85.95436195923062,3637,194560,0.0186934621710526,4389.803352888395,55,582656,1320,0.3629364861149299,9.439532073813708e-05,0.0062887124387335,6.242105118629175,0.2010398613518197,0,57.62042120101147,58.0,1.5758232235701906,2,6,5752.0,5439.616666666668,5648.083333333333,1682.8666666666663
3,895181.3005805019,67.02552875165237,9544,287760,0.0331665276619405,50948.17443060355,42,863280,5144,0.5389773679798826,4.8651654156241313e-05,0.0569138055023769,11.055509220646837,0.3905919661733615,0,45.24320833929544,46.0,2.522198731501057,1094,8,5876.0,6357.533333333327,6580.466666666658,1290.1666666666667
2,1302421.7467682364,46.0680268498902,2968,145440,0.0204070407040704,86012.95025040083,45,434640,1701,0.5731132075471698,0.0001035339591385,0.0660407816928955,6.828639793852384,0.3988165680473373,1,95.9707389504421,49.0,3.5124260355029584,800,12,802.0,1753.3333333333328,1667.083333333333,479.4499999999998
2,476190.0,126.000126000126,5642,107280,0.0525913497390007,0.0,44,307192,3664,0.6494151010280043,0.00014323289669,0.0,18.366363707388214,0.6634320735444331,0,31.216123694783533,50.0,2.881511746680286,1,9,1252.0,5806.699999999998,6221.699999999998,1213.5833333333342
2,500000.0,120.0,11777,565153,0.0208386047672046,0.0,58,565153,2035,0.1727944298208372,0.0001026270762076,0.0,20.838604767204632,0.0,1,67.10546756305774,60.0,1.2128733264675593,1,4,53334.0,16458.166666666664,16593.166666666664,2058.333333333333
3,521695.62790211255,115.00958948281236,11500,635040,0.0181090954900478,57853.48699548079,52,1905120,6633,0.5767826086956521,2.729486856470984e-05,0.1108950964916578,6.0363651633492905,0.4360938247965534,0,85.92398850424883,62.0,2.752513164193394,1762,8,5848.0,9332.133333333337,8622.8,1421.0
2,1066630.1642532651,56.2519249978321,5742,234621,0.0244735126011738,58243.38025005808,48,703581,3447,0.6003134796238244,6.822242215182047e-05,0.054605037624108,8.161107249911524,0.382716049382716,1,77.64989806373725,50.0,3.2222222222222223,764,8,2206.0,4447.999999999996,4156.833333333331,652.5
2,810999.2136677116,73.98280909379973,15878,275490,0.0576354858615557,233346.8051506728,57,1375080,6420,0.4043330394256204,4.145213369403962e-05,0.2877275356351718,11.546964540244932,0.2541257685255096,1,27.328974099543867,59.0,1.712652356811563,59,10,14570.0,13240.700000000015,13256.633333333342,1672.900000000001
3,624801.5390676297,96.03049328197235,3795,127680,0.0297227443609022,24572.11137920408,58,342585,932,0.2455862977602108,0.0001693010493746,0.0393278662787422,11.07754279959718,0.2967206637692611,3,43.45777954150495,60.0,1.4994073488739628,6,5,4049.0,4474.183333333335,4498.033333333334,1862.549999999999
2,662431.7084223647,90.57537439277311,11196,258480,0.0433147632311977,248140.32022406952,49,516720,7015,0.626563058235084,9.4828920885586e-05,0.3745900401039618,21.66744078030655,0.0,2,41.6837238731466,53.0,2.7050012080212613,24,7,6840.0,4538.333333333334,3776.1666666666674,3020.833333333333
2,909091.0,65.99999340000066,3652,37920,0.0963080168776371,0.0,44,75840,1019,0.2790251916757941,0.0005801687763713,0.0,48.154008438818565,0.1047400611620795,0,15.79690662097881,53.0,1.3960244648318043,1,5,5780.0,2076.166666666667,2312.0,619.3333333333331
3,530669.0989772805,113.06480840062775,6934,718440,0.0096514670675352,137723.3204479292,51,4298280,1747,0.2519469281799827,1.1865211200759371e-05,0.2595276806457229,1.613203420903245,0.3021057155135367,2,110.22518040682226,56.0,1.4899011602922216,436,5,9712.0,9441.116666666658,9587.266666666665,1243.8833333333334
4,500000.0,120.0,8013,366339,0.0218731830353852,0.0,52,366339,1277,0.1593660302009235,0.0001419450290577,0.0,21.873183035385257,0.0,1,64.50821017575177,56.0,1.1917013682331945,1,3,31813.0,9951.833333333334,10183.000000000002,1055.8333333333333
2,857143.0,69.99998833333528,2576,107522,0.023957887688101,0.0,26,215044,617,0.2395186335403726,0.0001209054891092,0.0,11.97894384405052,1.0,0,112.11604922669488,28.0,2.639344262295082,1,12,0.0,0.0,0.0,1893.7500000000005
3,669910.5318370335,89.56419872287658,5567,509280,0.0109311184417216,361483.5555490947,56,3055680,1228,0.2205855936770253,1.8326526337836424e-05,0.5395997500708518,1.8218530736202745,0.3207941483803553,1,95.32286368301828,57.0,1.4542842215256009,662,4,6627.0,5273.249999999998,5805.166666666666,3027.583333333332
2,818406.8997500695,73.31316490406324,4774,526320,0.0090705274357805,632626.4934528024,60,3157920,1115,0.2335567658148303,1.899984800121599e-05,0.7729975072864098,1.5117545726300856,0.2994177137603432,2,130.70537036922028,60.0,1.463070793748085,701,6,6449.0,5215.25,5546.250000000003,1246.4833333333338
3,530072.5436722984,113.1920540240115,5855,641520,0.0091267614415762,256904.9741502996,55,3849120,1244,0.212467976088813,1.4288980338363054e-05,0.4846600285509665,1.521126906929376,0.3075030750307503,1,138.67336591318,60.0,1.4403444034440345,698,6,8312.0,7587.000000000003,7846.799999999998,1793.1333333333328
2,625166.7037289988,95.97440113510775,3257,416160,0.0078263168012302,216236.88242964947,47,2496960,900,0.276327909118821,1.882288863257721e-05,0.3458867549084719,1.3043861335383826,0.4160654160654161,1,150.291842739683,50.0,1.5666185666185666,473,4,2549.0,3952.9166666666656,4068.666666666666,1008.2500000000002
3,562796.4135877152,106.61048747185848,4815,524640,0.0091777218664226,263660.0939850524,54,3147375,1364,0.2832814122533749,1.715715477183367e-05,0.4684821857770409,1.5298463004885023,0.4061016949152542,2,127.76283921940376,60.0,1.6322033898305084,539,6,3594.0,5990.750000000001,6270.733333333336,1632.7500000000005
3,577700.7659457864,103.85999731499513,10585,1095365,0.0096634455181606,216795.41557926164,58,6548120,2899,0.2738781294284365,8.857504138592451e-06,0.3752728546660894,1.6164945052931223,0.376770538243626,2,121.51301002544322,58.0,1.5782018786342626,1193,6,13225.0,13589.683333333342,13790.26666666668,6502.383333333334
3,565553.7069215876,106.09072006015306,7577,769440,0.0098474215013516,170667.61033121022,56,4615015,2175,0.2870529233205754,1.213430508893254e-05,0.3017708278497285,1.6418148153364611,0.3981442429354702,1,139.6339568246519,58.0,1.5978490088570223,706,6,9526.0,10364.250000000004,10796.583333333354,3501.5166666666687
3,525079.7881856016,114.26834806825894,7157,796200,0.0089889475006279,153062.2821625998,57,4740455,2072,0.2895067765823669,1.2024162237591116e-05,0.2915029022379669,1.5097706865691165,0.4156667421326692,0,141.04829355987957,58.0,1.6203305410912383,899,7,4851.0,10456.733333333332,10618.166666666672,2573.866666666666
4,534141.5228736212,112.32978046193968,8117,779830,0.0104086788146134,189939.2104873443,59,4597170,2523,0.3108291240606135,1.2833982645845162e-05,0.3555971635859589,1.7656514768868674,0.3882548246524175,1,110.52686533576112,60.0,1.6843743515252128,717,6,6192.0,12321.866666666674,13445.416666666675,3121.2500000000005
3,697450.4644532916,86.0276149461482,5770,570000,0.0101228070175438,441306.4962651238,52,3419280,1357,0.2351819757365684,1.5207880021525e-05,0.6327424222321644,1.6874897639269084,0.3859508547008547,1,106.97629230959518,54.0,1.5411324786324787,849,8,5922.0,7957.116666666665,7983.250000000001,1693.883333333334
3,535429.0635679462,112.05966220842993,9470,1098530,0.0086206111803956,327224.83940550685,55,6587255,2689,0.2839493136219641,8.349456640133105e-06,0.6111450828331471,1.4376246251283729,0.4465192168237853,1,143.39247952143347,56.0,1.716823785351704,1039,8,7200.0,14219.688095238083,14395.149999999978,3429.1761904761925
3,561893.9849653045,106.78170901527776,13736,837135,0.0164083451295191,317855.4888246306,59,4988370,6021,0.4383372160745486,1.1827510790097768e-05,0.5656858719430097,2.7536048849624226,0.3456239870340356,1,100.32903729993204,59.0,1.8552133981631551,849,10,6604.0,9727.166666666666,10223.08333333333,3475.7809523809483
3,635578.809472871,94.40214038879316,7496,887425,0.0084469110065639,463497.120663618,57,5316040,1801,0.2402614727854856,1.072226695058728e-05,0.7292520042448046,1.410072158975478,0.3651787517673197,1,124.3239476660265,60.0,1.514037568168047,787,6,7348.0,12009.48333333333,11672.349999999991,2059.2666666666664
3,570648.8103081463,105.14347689185654,6400,1042080,0.0061415630277905,454071.7910944061,59,6248985,1549,0.24203125,9.441533305008734e-06,0.7957114479029764,1.024166324611117,0.3082758620689655,1,210.68577270986648,60.0,1.471264367816092,698,8,9635.0,9281.683333333332,8902.81666666666,2402.35
4,497693.4936432756,120.55612694628738,7583,1040602,0.0072871280278146,242840.61588855865,59,6161052,1736,0.2289331399182381,9.57628664715052e-06,0.4879320686129281,1.2307962990736,0.3049808429118774,1,148.20408160817442,60.0,1.4526819923371648,631,6,10285.0,9215.283333333336,9264.000000000007,2874.083333333333
2,677828.932503815,88.5179093467839,3628,330240,0.0109859496124031,302533.97026096535,49,1973240,890,0.2453142227122381,2.48322555796558e-05,0.4463279092313791,1.83860047434676,0.4204166666666666,1,105.3739380122114,53.0,1.5116666666666667,252,5,4303.0,2813.1666666666665,2341.333333333333,2393.2
3,452155.3202425245,132.69776405111753,3441,356160,0.0096613881401617,57032.87935079083,50,2128430,1106,0.3214181923859343,2.3491493730120325e-05,0.1261355927874516,1.6166845985068807,0.4143968871595331,1,118.18526781378472,60.0,1.67363813229572,296,8,3235.0,4187.35,3899.066666666665,2050.8166666666666
2,833654.3975659229,71.97227073375497,5917,706320,0.0083772227885377,644660.844844403,54,4200670,1417,0.2394794659455805,1.2855092163869098e-05,0.7732950809432095,1.4085848209928415,0.4324324324324324,1,144.41509840373715,55.0,1.5991891891891892,829,5,4614.0,5739.916666666663,5727.133333333339,2865.9500000000016
4,578776.6000480038,103.66694160583477,5920,606681,0.009758011211823,151310.732300956,53,1819563,1297,0.2190878378378378,2.912787301126699e-05,0.2614320141629884,3.2535284571075582,0.2935938659411328,1,122.42344864126768,56.0,1.464259213455355,641,5,7405.0,7582.666666666668,7317.583333333333,1233.583333333334
2,333333.0,180.00018000018,9852,256080,0.0384723523898781,0.0,52,557472,4629,0.4698538367844093,9.327822742666897e-05,0.0,17.672636473221974,0.2489435266999616,0,38.89348174637077,56.0,1.8924318094506336,4,7,5002.0,6059.366666666667,6182.7,2273.333333333332
1,776637.9144500359,77.25607890581556,944,11230,0.084060552092609,320381.8893495977,39,32350,548,0.5805084745762712,0.0012055641421947,0.4125241420597798,29.18083462132921,0.3890489913544668,0,20.867819297959404,46.0,2.7204610951008648,136,5,664.0,1155.6666666666667,1147.5,52.5
1,817625.2916666666,73.38324855105031,1112,9360,0.1188034188034188,127224.3825448228,41,27844,590,0.5305755395683454,0.0014724895848297,0.1556023081006773,39.93679069099267,0.4263392857142857,1,13.334756940242542,46.0,2.482142857142857,3,4,789.0,1125.0,1065.0,115.0
1,476190.0,126.000126000126,1404,46048,0.0304899235580264,0.0,41,126640,797,0.5676638176638177,0.0003237523689197,0.0,11.086544535691724,0.3633333333333333,1,43.35342346720045,44.0,2.34,1,4,276.0,1923.0,1831.0,14.0
1,500000.0,120.0,3083,385536,0.0079966591965471,0.0,47,772608,1287,0.4174505351929938,6.083291915175613e-05,0.0,3.99038063286945,0.0,0,199.1337451904195,48.0,1.7213847012841987,1,9,2325.0,3681.839285714286,3865.347619047619,1286.522222222222
1,697674.0,86.00005160003096,471,21120,0.0223011363636363,0.0,36,42240,56,0.1188959660297239,0.0008522727272727,0.0,11.150568181818182,0.3604651162790697,0,26.606356364123425,48.0,1.369186046511628,1,5,512.0,779.1,771.5,46.0
1,697674.0,86.00005160003096,471,21120,0.0223011363636363,0.0,36,42240,56,0.1188959660297239,0.0008522727272727,0.0,11.150568181818182,0.3604651162790697,0,26.606356364123425,48.0,1.369186046511628,1,5,512.0,779.1,771.5,46.0
1,606061.0,98.99993565004183,543,19080,0.0284591194968553,0.0,41,38160,95,0.1749539594843462,0.0010744234800838,0.0,14.229559748427674,0.5338983050847458,1,27.57156604924579,46.0,1.5338983050847457,1,2,219.0,1236.5,1214.5,126.0
1,606061.0,98.99993565004183,543,19080,0.0284591194968553,0.0,41,38160,95,0.1749539594843462,0.0010744234800838,0.0,14.229559748427674,0.5338983050847458,1,27.57156604924579,46.0,1.5338983050847457,1,2,219.0,1236.5,1214.5,126.0
1,480088.5098901099,124.97695479888434,414,11521,0.0359343806961201,218241.76483309173,25,34441,100,0.2415458937198067,0.0007258790395168,0.4545865196462342,12.020556894399116,0.1061093247588424,1,38.21783891288106,40.0,1.3311897106109325,483,5,1473.0,93.25,105.25,4.0
1,947346.792508918,63.33477927454447,1208,51840,0.0233024691358024,103129.03191126416,37,152933,761,0.6299668874172185,0.0002419360111944,0.1088609078816228,7.898883824942949,0.2465753424657534,0,112.81483993446516,56.0,5.5159817351598175,335,13,39.0,344.83333333333326,349.4166666666667,195.15000000000003
1,521190.029972752,115.1211584057677,920,28080,0.0327635327635327,19410.443147117272,37,83248,559,0.6076086956521739,0.0004444551220449,0.0372425450044239,11.0513165481453,0.9466192170818504,1,51.95199713787892,52.0,3.274021352313168,386,7,81.0,37.5,19.0,807.6666666666666
1,500000.0,120.0,220,32256,0.0068204365079365,0.0,32,32256,96,0.4363636363636363,0.0009920634920634,0.0,6.820436507936508,0.0,0,141.75805054909537,44.0,1.7741935483870968,1,5,72.0,208.88333333333333,254.1,131.3
1,500000.0,120.0,227,35328,0.0064254981884057,0.0,34,35328,71,0.3127753303964757,0.0009624094202898,0.0,6.425498188405797,0.0,0,112.76727708306,44.0,1.455128205128205,1,3,261.0,517.5,481.5,91.0
1,500000.0,120.0,227,35328,0.0064254981884057,0.0,34,35328,71,0.3127753303964757,0.0009624094202898,0.0,6.425498188405797,0.0,0,112.76727708306,44.0,1.455128205128205,1,3,261.0,517.5,481.5,91.0
1,500000.0,120.0,303,38400,0.007890625,0.0,29,38400,120,0.396039603960396,0.0007552083333333,0.0,7.890625,0.0,0,116.15035546047947,39.0,1.6557377049180328,1,3,300.0,711.1666666666667,854.3333333333334,64.83333333333331
1,500000.0,120.0,255,33792,0.0075461647727272,0.0,27,33792,84,0.3294117647058823,0.0007990056818181,0.0,7.546164772727272,0.0,0,122.74395279007186,41.0,1.4912280701754386,1,5,85.0,680.0166666666667,651.6666666666667,28.066666666666663
1,500000.0,120.0,710,69120,0.0102719907407407,0.0,38,69120,362,0.5098591549295775,0.0005497685185185,0.0,10.27199074074074,0.0,0,140.5632198051918,48.0,2.164634146341464,1,6,223.0,583.2833333333334,647.5333333333333,683.2833333333333
1,500000.0,120.0,710,69120,0.0102719907407407,0.0,38,69120,362,0.5098591549295775,0.0005497685185185,0.0,10.27199074074074,0.0,0,140.5632198051918,48.0,2.164634146341464,1,6,223.0,583.2833333333334,647.5333333333333,683.2833333333333
1,500000.0,120.0,293,44544,0.0065777658045977,0.0,36,133632,148,0.5051194539249146,0.0002693965517241,0.0,2.192588601532567,0.3863636363636363,0,169.88423706651477,46.0,2.2196969696969697,1,5,217.0,289.76666666666665,197.2833333333333,50.43333333333332
1,500000.0,120.0,794,72192,0.0109984485815602,0.0,41,72192,347,0.4370277078085642,0.000567929964539,0.0,10.998448581560284,0.0,0,87.7236921296174,47.0,1.7762863534675617,1,3,243.0,457.83333333333337,544.6666666666666,809.5000000000005
1,500000.0,120.0,2660,313344,0.0084890727124183,0.0,46,313344,1451,0.5454887218045112,0.0001468035130718,0.0,8.4890727124183,0.0,0,179.39518338294386,48.0,2.2334172963895886,1,8,391.0,1892.6571428571428,1876.5916666666672,3034.972619047616
1,500000.0,120.0,2660,313344,0.0084890727124183,0.0,46,313344,1451,0.5454887218045112,0.0001468035130718,0.0,8.4890727124183,0.0,0,179.39518338294386,48.0,2.2334172963895886,1,8,391.0,1892.6571428571428,1876.5916666666672,3034.972619047616
1,500000.0,120.0,2983,337920,0.0088275331439393,0.0,42,337920,1402,0.4699966476701307,0.0001242897727272,0.0,8.827533143939393,0.0,0,157.36813367408263,46.0,1.956065573770492,1,6,1039.0,4346.016666666668,3909.183333333335,1775.8000000000004
1,500000.0,120.0,2434,294912,0.0082533094618055,0.0,43,294912,1325,0.5443714050944947,0.0001458062065972,0.0,8.253309461805555,0.0,0,179.38328720983563,45.0,2.249537892791128,1,6,246.0,2284.416666666667,2288.333333333334,1547.5833333333348
1,500000.0,120.0,438,46080,0.0095052083333333,0.0,30,46080,152,0.3470319634703196,0.0006510416666666,0.0,9.505208333333334,0.0,0,89.62005879714056,46.0,1.5314685314685317,1,3,332.0,544.6666666666665,566.0,193.33333333333348
1,500000.0,120.0,908,76800,0.0118229166666666,0.0,38,76800,278,0.3061674008810572,0.0004947916666666,0.0,11.822916666666668,0.0,0,95.29408667020876,48.0,1.8269617706237424,1,5,379.0,776.1666666666671,700.2500000000001,414.78333333333353
1,500000.0,120.0,710,76800,0.0092447916666666,0.0,41,76800,201,0.2830985915492958,0.0005338541666666,0.0,9.244791666666668,0.0,0,96.8739529927486,50.0,1.3948919449901769,1,3,1298.0,1348.4999999999998,1370.666666666667,100.5
1,500000.0,120.0,567,59904,0.0094651442307692,0.0,40,59904,154,0.2716049382716049,0.000667735042735,0.0,9.46514423076923,0.0,0,80.187439445484,45.0,1.3728813559322033,1,4,1137.0,1242.75,1199.75,41.833333333333336
1,500000.0,120.0,652,58368,0.0111705043859649,0.0,39,58368,276,0.4233128834355828,0.0006681743421052,0.0,11.170504385964913,0.0,0,88.84768331630657,48.0,1.7340425531914894,1,4,253.0,393.99999999999983,482.1666666666665,471.833333333333
1,500000.0,120.0,700,84480,0.0082859848484848,0.0,42,84480,147,0.21,0.000497159090909,0.0,8.285984848484848,0.0,0,101.65711290180847,48.0,1.2681159420289856,1,3,1437.0,920.3333333333334,1071.3333333333333,137.0
1,500000.0,120.0,865,125952,0.0068676956300813,0.0,38,125952,294,0.3398843930635838,0.0003017022357723,0.0,6.867695630081301,0.0,0,164.96373406123783,48.0,1.5309734513274336,1,4,584.0,1694.0,1733.1666666666667,175.83333333333317
1,500000.0,120.0,885,112128,0.0078927654109589,0.0,41,112128,172,0.1943502824858757,0.0003656535388127,0.0,7.892765410958904,0.0,0,120.936426305117,50.0,1.241234221598878,1,2,1085.0,1455.5,1472.5,0.0
1,500000.0,120.0,547,76800,0.0071223958333333,0.0,42,76800,125,0.2285191956124314,0.000546875,0.0,7.122395833333334,0.0,0,105.2482897096662,46.0,1.2962085308056872,1,3,1390.0,1186.3333333333337,1305.3333333333337,0.0
1,500000.0,120.0,765,82944,0.0092230902777777,0.0,42,82944,159,0.2078431372549019,0.0005063657407407,0.0,9.223090277777777,0.0,0,94.659814610076,48.0,1.2623762376237624,1,2,2138.0,1440.0,1484.0,27.0
1,500000.0,120.0,856,89088,0.0096084770114942,0.0,44,89088,198,0.2313084112149532,0.0004938936781609,0.0,9.608477011494251,0.0,0,92.84340921446471,48.0,1.3009118541033435,1,3,1701.0,1113.0,1075.3333333333337,71.33333333333334
1,500000.0,120.0,628,64512,0.009734623015873,0.0,34,64512,188,0.2993630573248407,0.0005270337301587,0.0,9.734623015873016,0.0,0,92.3248946177852,55.0,1.4272727272727272,1,4,1351.0,1431.5,1589.8333333333337,160.33333333333334
1,500000.0,120.0,523,58368,0.0089603892543859,0.0,34,58368,126,0.2409177820267686,0.0005825109649122,0.0,8.960389254385964,0.0,0,123.47600648564264,55.0,1.3173803526448362,1,3,1100.0,960.5,944.8333333333331,73.33333333333331
1,500000.0,120.0,461,49152,0.0093790690104166,0.0,36,49152,109,0.2364425162689804,0.000732421875,0.0,9.379069010416666,0.0,0,58.218721653852974,53.0,1.3171428571428572,1,3,858.0,1810.8333333333333,1842.3333333333333,23.5
1,500000.0,120.0,379,35328,0.0107280344202898,0.0,32,35328,93,0.2453825857519788,0.0009057971014492,0.0,10.728034420289854,0.0,0,55.15263758349985,55.0,1.3251748251748252,1,7,747.0,807.1904761904763,687.1904761904763,0.0
1,500000.0,120.0,433,87552,0.0049456323099415,0.0,35,87552,122,0.2817551963048499,0.0003997624269005,0.0,4.94563230994152,0.0,0,182.28043286197288,46.0,1.392282958199357,1,3,649.0,505.16666666666674,613.1666666666667,138.99999999999994
1,500000.0,120.0,608,66048,0.0092054263565891,0.0,38,66048,148,0.2434210526315789,0.0005753391472868,0.0,9.205426356589149,0.0,0,65.5110206797552,52.0,1.3217391304347823,1,4,1607.0,1182.0,1145.5,2.5
1,500000.0,120.0,1363,155136,0.0087858395214521,0.0,45,155136,662,0.4856933235509905,0.0002900680693069,0.0,8.785839521452145,0.0,0,154.67614576395937,48.0,2.01925925925926,1,6,1359.0,1747.6,1802.55,230.3333333333333
1,500000.0,120.0,710,69120,0.0102719907407407,0.0,38,69120,362,0.5098591549295775,0.0005497685185185,0.0,10.27199074074074,0.0,0,140.5632198051918,48.0,2.164634146341464,1,6,223.0,583.2833333333334,647.5333333333333,683.2833333333333
1,500000.0,120.0,710,69120,0.0102719907407407,0.0,38,69120,362,0.5098591549295775,0.0005497685185185,0.0,10.27199074074074,0.0,0,140.5632198051918,48.0,2.164634146341464,1,6,223.0,583.2833333333334,647.5333333333333,683.2833333333333
1,500000.0,120.0,2660,313344,0.0084890727124183,0.0,46,313344,1451,0.5454887218045112,0.0001468035130718,0.0,8.4890727124183,0.0,0,179.39518338294386,48.0,2.2334172963895886,1,8,391.0,1892.6571428571428,1876.5916666666672,3034.972619047616
1,500000.0,120.0,2660,313344,0.0084890727124183,0.0,46,313344,1451,0.5454887218045112,0.0001468035130718,0.0,8.4890727124183,0.0,0,179.39518338294386,48.0,2.2334172963895886,1,8,391.0,1892.6571428571428,1876.5916666666672,3034.972619047616
1,500000.0,120.0,227,35328,0.0064254981884057,0.0,34,35328,71,0.3127753303964757,0.0009624094202898,0.0,6.425498188405797,0.0,0,112.76727708306,44.0,1.455128205128205,1,3,261.0,517.5,481.5,91.0
1,500000.0,120.0,227,35328,0.0064254981884057,0.0,34,35328,71,0.3127753303964757,0.0009624094202898,0.0,6.425498188405797,0.0,0,112.76727708306,44.0,1.455128205128205,1,3,261.0,517.5,481.5,91.0
5,598535.3257942195,100.24470973435643,66008,1084170,0.0608834407888061,120122.36322178296,53,3235710,44875,0.6798418373530482,1.6379712644211008e-05,0.2006938572295427,20.399850419227928,0.4271730040828373,2,35.49284201510538,53.0,3.246987062816666,810,12,28429.0,39753.61666666664,42985.25,13354.83333333334
5,541429.5348409634,110.8177447645594,1888,62130,0.0303878963463705,150870.74176787568,70,185768,453,0.2399364406779661,0.0003768140906937,0.2786525892278699,10.163214331854787,0.1960497439648866,3,51.34447547295504,72.0,1.3811265544989026,725,4,8168.0,3585.166666666667,3786.833333333334,1573.166666666667
5,600000.0,100.0,3926,28352,0.1384734762979683,0.0,57,28352,227,0.0578196637799286,0.0020104401805869,0.0,138.4734762979684,0.0,0,7.385266670006874,65.0,1.061367937280346,1,3,32831.0,660.5,700.0,19.5
5,600000.0,100.0,3926,28352,0.1384734762979683,0.0,57,28352,227,0.0578196637799286,0.0020104401805869,0.0,138.4734762979684,0.0,0,7.385266670006874,65.0,1.061367937280346,1,3,32831.0,660.5,700.0,19.5
5,522807.7117680501,114.76494827723528,12356,88960,0.1388938848920863,64624.80738317177,74,176225,2194,0.1775655551958562,0.0004199177188253,0.1236110446126,70.11490991630019,0.0,0,12.435113282694031,75.0,1.2231241338348842,784,6,33356.0,10932.966666666667,11349.899999999994,3757.2999999999975
5,1500000.0,40.0,3431,31188,0.1100102603565473,0.0,68,31188,1126,0.3281842028563101,0.0021803257663203,0.0,110.0102603565474,0.0,0,8.120086140337104,74.0,1.5789231477220431,1,8,5597.0,3926.611904761904,3510.216666666667,884.1285714285711
5,600000.0,100.0,3941,133433,0.0295354222718517,0.0,74,133433,172,0.0436437452423242,0.000554585447378,0.0,29.5354222718518,0.0,0,40.13913945816136,85.0,1.0459129511677283,1,5,28815.0,1267.5666666666666,1227.4333333333332,31.0
5,500000.0,120.0,1462,130560,0.0111979166666666,0.0,44,130560,703,0.4808481532147742,0.0003370098039215,0.0,11.197916666666666,0.0,0,89.06225917206672,50.0,1.9262187088274043,1,5,578.0,1453.7,1436.716666666667,1705.5833333333328
5,500000.0,120.0,1153,104448,0.0110389859068627,0.0,45,104448,528,0.4579358196010407,0.0004308363970588,0.0,11.038985906862743,0.0,0,127.0379842223328,53.0,1.8536977491961413,1,5,520.0,966.083333333333,880.5833333333335,1431.166666666667
5,500000.0,120.0,1085,84480,0.0128432765151515,0.0,47,84480,591,0.5447004608294931,0.0005563446969696,0.0,12.843276515151514,0.0,0,87.4894348561177,50.0,2.196356275303644,1,5,122.0,1622.5666666666668,1515.7333333333336,1813.3333333333328
5,477970.7405681314,125.53069656247592,7360,253440,0.029040404040404,59475.41139055759,73,759520,4800,0.6521739130434783,9.611333473772908e-05,0.1244331636699418,9.69033073520118,0.4576080853453116,1,75.56440040513199,73.0,4.132509825940483,1207,14,1559.0,3467.9190476190474,4022.614285714285,2959.6380952380955
5,477970.7405681314,125.53069656247592,7360,253440,0.029040404040404,59475.41139055759,73,759520,4800,0.6521739130434783,9.611333473772908e-05,0.1244331636699418,9.69033073520118,0.4576080853453116,1,75.56440040513199,73.0,4.132509825940483,1207,14,1559.0,3467.9190476190474,4022.614285714285,2959.6380952380955
5,416934.6799907578,143.90743413651754,7228,236160,0.0306063685636856,31585.67359111861,72,706747,4890,0.676535694521306,0.0001018752113556,0.0757568873661907,10.22713927331846,0.4811320754716981,0,72.60742669387497,72.0,3.788259958071279,986,12,792.0,3783.216666666665,4213.966666666666,4323.752380952373
5,416934.6799907578,143.90743413651754,7228,236160,0.0306063685636856,31585.67359111861,72,706747,4890,0.676535694521306,0.0001018752113556,0.0757568873661907,10.22713927331846,0.4811320754716981,0,72.60742669387497,72.0,3.788259958071279,986,12,792.0,3783.216666666665,4213.966666666666,4323.752380952373
5,458199.168691778,130.94742221228444,11234,393000,0.0285852417302799,165806.3453351703,73,1179000,6264,0.5575930211856863,6.191687871077184e-05,0.361865225134673,9.5284139100933,0.3389046027256364,3,71.25482584988195,72.0,2.888660323990743,2736,11,3123.0,10808.316666666666,10994.26666666667,3659.3333333333353
5,428571.0,140.00014000014,4688,86782,0.0540204189808946,0.0,82,173564,2821,0.6017491467576792,0.0004724482035445,0.0,27.01020949044733,0.2617124394184168,0,23.41980260700733,92.0,2.524501884760366,1,6,89.0,2285.1666666666665,2180.166666666666,6228.933333333336
5,488475.6566906767,122.83109542548712,4390,381620,0.0115035899585975,156782.49972271133,78,763220,1066,0.2428246013667426,0.0001021985797017,0.3209627697414461,5.751945703728937,0.0,9,160.3657863251314,84.0,1.458471760797342,605,10,12844.0,5243.390476190472,4902.845238095239,3102.5722222222225
5,526171.4842180382,114.03126509063505,8587,782856,0.0109688116333016,67002.8120843448,74,3131424,2669,0.3108186793990916,2.363142135973921e-05,0.1273402571101321,2.742202908325414,0.7950016886187099,0,129.85183264753945,77.0,2.900033772374198,49,8,1470.0,1764.5595238095236,963.8333333333336,10557.163095238086
1,500000.0,120.0,270,12924,0.0208913649025069,0.0,22,25848,53,0.1962962962962963,0.0008511296812132,0.0,10.445682451253482,0.25,1,84.69573616525307,44.0,1.25,1,2,298.0,235.0,223.5,65.5
1,500000.0,120.0,1012,46044,0.0219789766310485,0.0,27,92088,197,0.1946640316205533,0.0002931978107896,0.0,10.989488315524282,0.2432432432432432,2,74.1663033851919,46.0,1.2432432432432432,2,2,336.0,1167.0,1099.0,160.0
1,500000.0,120.0,680,46008,0.0147800382542166,0.0,24,92016,86,0.1264705882352941,0.0002608242044861,0.0,7.390019127108329,0.1447811447811448,2,149.5354404193288,43.0,1.144781144781145,2,2,826.0,374.0,382.0,76.5
1,500000.0,120.0,524,46056,0.0113774535348271,0.0,21,92064,95,0.1812977099236641,0.000228102189781,0.0,5.691692735488356,0.2242990654205607,2,140.83427642018384,43.0,1.2242990654205608,2,2,148.0,600.0,552.0,36.0
1,500000.0,120.0,870,53244,0.0163398692810457,0.0,25,106488,256,0.2942528735632184,0.0002347682367966,0.0,8.169934640522875,0.4238952536824877,3,102.76567788070228,43.0,1.4238952536824878,3,2,288.0,767.5,736.5,299.0
1,500000.0,120.0,842,47508,0.0177233308074429,0.0,29,95004,218,0.2589073634204275,0.0003052503052503,0.0,8.86278472485369,0.3515248796147672,3,88.76159979651806,43.0,1.3515248796147672,2,2,254.0,533.5,585.5,206.5
1,500000.0,120.0,574,51768,0.011087930768042,0.0,25,103536,147,0.2560975609756097,0.0002414619069695,0.0,5.543965384021017,0.3442622950819672,2,150.67928516026774,43.0,1.3442622950819672,3,2,100.0,450.0,418.0,164.0
1,500000.0,120.0,1284,80568,0.0159368483765266,0.0,28,161136,163,0.1269470404984423,0.0001737662595571,0.0,7.968424188263331,0.1464285714285714,2,138.46997257602237,41.0,1.1464285714285714,2,2,847.0,612.0,605.0,108.0
1,500000.0,120.0,372,23004,0.0161711006781429,0.0,22,46008,125,0.336021505376344,0.0004781777082246,0.0,8.085550339071466,0.5121951219512195,2,96.7850082944302,40.0,1.5121951219512195,2,2,20.0,245.5,216.0,138.5
1,500000.0,120.0,376,46008,0.0081724917405668,0.0,22,92016,121,0.3218085106382978,0.0002390888541123,0.0,4.086245870283428,0.4861660079051383,2,189.5753689334109,45.0,1.4861660079051384,3,2,21.0,328.0,267.0,96.0
1,500000.0,120.0,494,34488,0.0143238227789376,0.0,21,68976,80,0.1619433198380566,0.000304453723034,0.0,7.161911389468801,0.1961259079903147,2,134.86474651138698,41.0,1.1961259079903148,2,2,440.0,355.5,348.5,60.0
1,500000.0,120.0,764,34524,0.0221295330784381,0.0,22,69048,80,0.1047120418848167,0.0003186189317576,0.0,11.064766539219091,0.1202346041055718,2,73.22648214357953,41.0,1.1202346041055715,2,2,704.0,598.0,639.0,23.5
1,500000.0,120.0,420,23004,0.0182576943140323,0.0,19,46008,86,0.2047619047619047,0.0004129716571031,0.0,9.128847157016173,0.2574850299401197,2,93.9911401451234,41.0,1.2574850299401197,2,2,298.0,397.0,354.0,100.5
1,500000.0,120.0,498,28764,0.0173133083020442,0.0,28,57528,161,0.3232931726907631,0.0004867195104992,0.0,8.656654151022112,0.4777448071216617,2,97.07140095432275,46.0,1.4777448071216617,2,2,434.0,253.0,267.5,227.0
1,500000.0,120.0,452,34488,0.0131060078868012,0.0,24,68976,55,0.1216814159292035,0.0003479471120389,0.0,6.553003943400603,0.1414141414141414,2,137.7598900165207,43.0,1.1414141414141414,2,2,334.0,338.0,330.5,27.5
1,620000.0,96.7741935483871,448,23004,0.0194748739349678,213766.70117594453,21,46008,107,0.2388392857142857,0.0004564423578508,0.3447850018966847,9.737436967483916,0.3176470588235294,2,93.4859652889253,38.0,1.3176470588235294,6,2,262.0,475.5,411.0,126.5
1,500000.0,120.0,1010,57564,0.0175456882773955,0.0,27,115128,194,0.192079207920792,0.0002345215759849,0.0,8.772844138697797,0.2407862407862407,3,86.8427899195507,39.0,1.240786240786241,3,2,399.0,771.5,776.5,108.0
1,500000.0,120.0,520,23004,0.0226047643888019,0.0,20,46008,84,0.1615384615384615,0.0004347070074769,0.0,11.302382194400971,0.1926605504587156,2,79.12081158706167,41.0,1.1926605504587156,2,2,344.0,531.0,488.0,41.5
1,506389.7763578275,118.48580441640378,918,60408,0.0151966626936829,56190.93764292307,21,120816,88,0.0958605664488017,0.000173818037346,0.1109638074588953,7.598331346841478,0.1073582629674306,3,147.57167075996014,38.0,1.1073582629674306,7,2,961.0,420.5,394.5,64.5
1,500000.0,120.0,692,40284,0.0171780359447919,0.0,24,80568,182,0.2630057803468208,0.0002978850163836,0.0,8.589017972395988,0.3622047244094488,2,88.98808080376187,48.0,1.3622047244094488,2,2,88.0,866.5,838.0,147.5
1,500000.0,120.0,620,30216,0.0205189303680169,0.0,23,60432,115,0.1854838709677419,0.0003805930632777,0.0,10.259465184008471,0.2326043737574552,4,88.49250111495323,41.0,1.2326043737574552,3,2,419.0,577.0,571.5,84.5
1,500000.0,120.0,710,57576,0.0123315270251493,0.0,22,115104,95,0.1338028169014084,0.0001911314984709,0.0,6.168334723380595,0.1582381729200652,3,150.6667569829983,45.0,1.1582381729200653,3,2,667.0,491.5,531.0,59.5
1,500000.0,120.0,724,34524,0.0209709187811377,0.0,28,69048,164,0.2265193370165746,0.0004055150040551,0.0,10.48545939056888,0.2980251346499102,2,81.24742218295984,45.0,1.2998204667863555,2,3,175.0,606.0,601.5,163.5
1,500000.0,120.0,1106,57564,0.0192133972621777,0.0,23,115128,209,0.1889692585895117,0.000199777638802,0.0,9.606698631088875,0.235754189944134,3,87.01839197927376,43.0,1.235754189944134,3,2,804.0,849.5,898.5,224.0
1,500000.0,120.0,682,40284,0.0169297984311389,0.0,27,80568,153,0.2243401759530791,0.0003351206434316,0.0,8.464899215569456,0.2965779467680608,3,108.51059935672794,41.0,1.296577946768061,3,2,226.0,686.5,721.5,95.5
1,500000.0,120.0,238,15804,0.0150594786130093,0.0,18,31608,79,0.3319327731092437,0.0005694760820045,0.0,7.529739306504682,0.4968553459119497,1,105.07365513263603,38.0,1.4968553459119496,1,2,110.0,148.5,151.5,78.0
1,668049.7925311204,89.81366459627328,696,34524,0.0201598887730274,236350.22081680145,27,69048,122,0.1752873563218391,0.0003910323253388,0.3537913243282555,10.079944386513729,0.2167832167832167,2,77.37163635176147,41.0,1.2167832167832169,6,2,220.0,736.0,731.0,67.0
1,500000.0,120.0,734,57576,0.0127483673752952,0.0,28,115104,137,0.1866485013623978,0.0002432582707812,0.0,6.376841812621629,0.2294807370184254,3,125.4552999128412,45.0,1.2294807370184255,3,2,488.0,537.5,486.0,83.5
1,500000.0,120.0,464,23004,0.0201704051469309,0.0,25,46008,106,0.2284482758620689,0.0005433837593462,0.0,10.085202573465484,0.2960893854748603,2,79.46537169948361,41.0,1.2960893854748603,2,2,156.0,414.5,428.0,96.0
1,500000.0,120.0,302,17244,0.0175133379726281,0.0,30,34488,66,0.2185430463576159,0.0008698677800974,0.0,8.75666898631408,0.2796610169491525,1,89.04671861016607,41.0,1.2796610169491525,1,2,90.0,211.5,189.5,43.0
1,500000.0,120.0,258,17244,0.0149617258176757,0.0,25,34488,73,0.2829457364341085,0.0007248898167478,0.0,7.480862908837857,0.3945945945945946,1,96.49566373747676,41.0,1.3945945945945946,1,2,56.0,227.5,240.5,119.5
1,500000.0,120.0,294,18684,0.0157353885677585,0.0,26,37368,68,0.2312925170068027,0.00069578248769,0.0,7.8676942838792545,0.3008849557522124,1,100.72505556211205,43.0,1.3008849557522124,1,2,31.0,380.0,379.0,33.0
1,500000.0,120.0,258,18684,0.0138086062941554,0.0,24,37368,99,0.3837209302325581,0.0006422607578676,0.0,6.904303147077713,0.6226415094339622,1,111.71494008972556,41.0,1.6226415094339623,1,2,24.0,139.5,138.0,84.5
1,500000.0,120.0,466,23004,0.0202573465484263,0.0,22,46008,104,0.223175965665236,0.0004781777082246,0.0,10.12867327421318,0.287292817679558,0,76.61938225243357,38.0,1.287292817679558,1,2,116.0,430.0,454.0,61.0
1,500000.0,120.0,218,17244,0.0126420784040825,0.0,17,34488,62,0.2844036697247706,0.0004929250753885,0.0,6.32103920204129,0.3974358974358974,1,121.5405723496748,36.0,1.3974358974358974,1,2,31.0,133.0,112.0,62.0
1,500000.0,120.0,1380,69094,0.0199727906909427,0.0,21,138178,225,0.1630434782608695,0.0001519778835994,0.0,9.987118065104433,0.1958405545927209,0,71.87487197509141,41.0,1.1958405545927209,2,2,426.0,1298.0,1372.0,102.0
1,500000.0,120.0,276,19908,0.0138637733574442,0.0,26,39804,81,0.2934782608695652,0.0006532006833484,0.0,6.933976484775399,0.4153846153846154,0,103.5270225888142,43.0,1.4153846153846157,1,2,86.0,167.5,165.0,85.0
1,500000.0,120.0,280,14364,0.0194931773879142,0.0,24,28728,67,0.2392857142857143,0.0008354218880534,0.0,9.746588693957117,0.3145539906103286,0,79.3940097403532,41.0,1.3145539906103287,1,2,82.0,317.0,317.0,34.0
5,489352.9610695763,122.61088574769896,14618,309120,0.0472890786749482,38920.164253249226,78,1490881,11591,0.792926528936927,5.2318058919524766e-05,0.0795339302089469,9.80494083699504,0.5556881463802705,0,59.89613864477486,77.0,5.814638027048528,50,21,921.0,1928.1095238095245,2314.340476190474,10276.141269841268
5,948238.9224883236,63.27519212410186,9944,124800,0.0796794871794871,39247.81356055889,71,613488,7357,0.7398431214802896,0.0001157316850533,0.0413902157249215,16.208956002399393,0.5918367346938775,1,25.93026688831348,74.0,4.411712511091393,10,13,656.0,1746.859523809524,1720.4095238095242,5899.783333333345
5,474245.7036397641,126.51669701909596,6344,185041,0.0342842937511146,69054.29754842908,76,555121,1525,0.2403846153846154,0.0001369070887248,0.1456086940133517,11.428139090396508,0.0585556278464541,1,53.78079106568072,77.0,1.3758403816959446,298,14,25452.0,6305.533333333334,6417.592857142859,54.083333333333336
5,493249.5282080432,121.64228563578706,16016,618427,0.0258979637046894,272403.3305230116,71,2461147,9056,0.5654345654345654,2.8848337787218724e-05,0.5522627289936649,6.50753490140979,0.3798462031400192,3,71.49580604211965,70.0,2.5658442806792694,3409,12,12703.0,12199.366666666678,12809.683333333342,5444.7666666666655
5,457142.0,131.25024609421143,5738,133628,0.042940102373754,0.0,64,532208,2995,0.5219588706866504,0.0001202537353816,0.0,10.781498962811533,0.6041435442101369,0,48.87373177241306,71.0,2.1228264890862003,1,8,1329.0,3615.7666666666687,3127.09285714286,4366.921428571431
5,600000.0,100.0,2532,33798,0.0749156754837564,0.0,49,134592,453,0.178909952606635,0.0003640632429862,0.0,18.812410841654778,0.1585106382978723,1,17.71183651547596,60.0,1.346808510638298,1,8,8255.0,1221.0,2135.5,513.5
